<?xml version="1.0" encoding="utf-8"?>
<weatherdata>
  <location>
    <name>Auckland</name>
    <type>Regional capital</type>
    <country>New Zealand</country>
    <timezone id="Pacific/Auckland" utcoffsetMinutes="780" />
    <location altitude="79" latitude="-36.86667" longitude="174.76667" geobase="geonames" geobaseid="2193733" />
  </location>
  <credit>
    <!--In order to use the free weather data from yr no, you HAVE to display 
the following text clearly visible on your web page. The text should be a 
link to the specified URL.-->
    <!--Please read more about our conditions and guidelines at http://om.yr.no/verdata/  English explanation at http://om.yr.no/verdata/free-weather-data/-->
    <link text="Weather forecast from yr.no, delivered by the Norwegian Meteorological Institute and the NRK" url="http://www.yr.no/place/New_Zealand/Auckland/Auckland/" />
  </credit>
  <links>
    <link id="xmlSource" url="http://www.yr.no/place/New_Zealand/Auckland/Auckland/forecast.xml" />
    <link id="xmlSourceHourByHour" url="http://www.yr.no/place/New_Zealand/Auckland/Auckland/forecast_hour_by_hour.xml" />
    <link id="overview" url="http://www.yr.no/place/New_Zealand/Auckland/Auckland/" />
    <link id="hourByHour" url="http://www.yr.no/place/New_Zealand/Auckland/Auckland/hour_by_hour" />
    <link id="longTermForecast" url="http://www.yr.no/place/New_Zealand/Auckland/Auckland/long" />
  </links>
  <meta>
    <lastupdate>2016-04-01T08:43:00</lastupdate>
    <nextupdate>2016-04-01T21:00:00</nextupdate>
  </meta>
  <sun rise="2016-04-01T07:34:22" set="2016-04-01T19:14:40" />
  <forecast>
    <tabular>
      <time from="2016-04-01T16:00:00" to="2016-04-01T19:00:00" period="2">
        <!-- Valid from 2016-04-01T16:00:00 to 2016-04-01T19:00:00 -->
        <symbol number="4" numberEx="4" name="Cloudy" var="04" />
        <precipitation value="0" />
        <!-- Valid at 2016-04-01T16:00:00 -->
        <windDirection deg="32.5" code="NNE" name="North-northeast" />
        <windSpeed mps="8.6" name="Fresh breeze" />
        <temperature unit="celsius" value="20" />
        <pressure unit="hPa" value="1019.1" />
      </time>
      <time from="2016-04-01T19:00:00" to="2016-04-02T01:00:00" period="3">
        <!-- Valid from 2016-04-01T19:00:00 to 2016-04-02T01:00:00 -->
        <symbol number="9" numberEx="46" name="Light rain" var="46" />
        <precipitation value="0.7" />
        <!-- Valid at 2016-04-01T19:00:00 -->
        <windDirection deg="45.2" code="NE" name="Northeast" />
        <windSpeed mps="6.8" name="Moderate breeze" />
        <temperature unit="celsius" value="19" />
        <pressure unit="hPa" value="1018.4" />
      </time>
      <time from="2016-04-02T01:00:00" to="2016-04-02T07:00:00" period="0">
        <!-- Valid from 2016-04-02T01:00:00 to 2016-04-02T07:00:00 -->
        <symbol number="9" numberEx="9" name="Rain" var="09" />
        <precipitation value="4.3" />
        <!-- Valid at 2016-04-02T01:00:00 -->
        <windDirection deg="16.0" code="NNE" name="North-northeast" />
        <windSpeed mps="6.0" name="Moderate breeze" />
        <temperature unit="celsius" value="20" />
        <pressure unit="hPa" value="1018.4" />
      </time>
      <time from="2016-04-02T07:00:00" to="2016-04-02T13:00:00" period="1">
        <!-- Valid from 2016-04-02T07:00:00 to 2016-04-02T13:00:00 -->
        <symbol number="3" numberEx="3" name="Partly cloudy" var="03d" />
        <precipitation value="0" />
        <!-- Valid at 2016-04-02T07:00:00 -->
        <windDirection deg="10.9" code="N" name="North" />
        <windSpeed mps="6.2" name="Moderate breeze" />
        <temperature unit="celsius" value="19" />
        <pressure unit="hPa" value="1015.9" />
      </time>
      <time from="2016-04-02T13:00:00" to="2016-04-02T19:00:00" period="2">
        <!-- Valid from 2016-04-02T13:00:00 to 2016-04-02T19:00:00 -->
        <symbol number="5" numberEx="41" name="Heavy rain showers" var="41d" />
        <precipitation value="5.4" />
        <!-- Valid at 2016-04-02T13:00:00 -->
        <windDirection deg="318.4" code="NW" name="Northwest" />
        <windSpeed mps="4.3" name="Gentle breeze" />
        <temperature unit="celsius" value="23" />
        <pressure unit="hPa" value="1017.1" />
      </time>
      <time from="2016-04-02T19:00:00" to="2016-04-03T01:00:00" period="3">
        <!-- Valid from 2016-04-02T19:00:00 to 2016-04-03T01:00:00 -->
        <symbol number="3" numberEx="3" name="Partly cloudy" var="mf/03n.17" />
        <precipitation value="0" />
        <!-- Valid at 2016-04-02T19:00:00 -->
        <windDirection deg="346.1" code="NNW" name="North-northwest" />
        <windSpeed mps="3.1" name="Light breeze" />
        <temperature unit="celsius" value="20" />
        <pressure unit="hPa" value="1016.3" />
      </time>
      <time from="2016-04-03T01:00:00" to="2016-04-03T07:00:00" period="0">
        <!-- Valid from 2016-04-03T01:00:00 to 2016-04-03T07:00:00 -->
        <symbol number="3" numberEx="3" name="Partly cloudy" var="mf/03n.14" />
        <precipitation value="0" />
        <!-- Valid at 2016-04-03T01:00:00 -->
        <windDirection deg="325.8" code="NW" name="Northwest" />
        <windSpeed mps="2.0" name="Light breeze" />
        <temperature unit="celsius" value="18" />
        <pressure unit="hPa" value="1016.8" />
      </time>
      <time from="2016-04-03T07:00:00" to="2016-04-03T13:00:00" period="1">
        <!-- Valid from 2016-04-03T07:00:00 to 2016-04-03T13:00:00 -->
        <symbol number="2" numberEx="2" name="Fair" var="02d" />
        <precipitation value="0" />
        <!-- Valid at 2016-04-03T07:00:00 -->
        <windDirection deg="282.0" code="WNW" name="West-northwest" />
        <windSpeed mps="2.2" name="Light breeze" />
        <temperature unit="celsius" value="18" />
        <pressure unit="hPa" value="1015.8" />
      </time>
      <time from="2016-04-03T13:00:00" to="2016-04-03T18:00:00" period="2">
        <!-- Valid from 2016-04-03T13:00:00 to 2016-04-03T18:00:00 -->
        <symbol number="3" numberEx="3" name="Partly cloudy" var="03d" />
        <precipitation value="0" />
        <!-- Valid at 2016-04-03T13:00:00 -->
        <windDirection deg="270.7" code="W" name="West" />
        <windSpeed mps="4.0" name="Gentle breeze" />
        <temperature unit="celsius" value="22" />
        <pressure unit="hPa" value="1016.8" />
      </time>
      <time from="2016-04-03T18:00:00" to="2016-04-04T00:00:00" period="3">
        <!-- Valid from 2016-04-03T18:00:00 to 2016-04-04T00:00:00 -->
        <symbol number="3" numberEx="3" name="Partly cloudy" var="mf/03n.14" />
        <precipitation value="0" />
        <!-- Valid at 2016-04-03T18:00:00 -->
        <windDirection deg="245.2" code="WSW" name="West-southwest" />
        <windSpeed mps="2.6" name="Light breeze" />
        <temperature unit="celsius" value="20" />
        <pressure unit="hPa" value="1015.9" />
      </time>
      <time from="2016-04-04T00:00:00" to="2016-04-04T06:00:00" period="0">
        <!-- Valid from 2016-04-04T00:00:00 to 2016-04-04T06:00:00 -->
        <symbol number="3" numberEx="3" name="Partly cloudy" var="mf/03n.10" />
        <precipitation value="0" />
        <!-- Valid at 2016-04-04T00:00:00 -->
        <windDirection deg="269.5" code="W" name="West" />
        <windSpeed mps="1.9" name="Light breeze" />
        <temperature unit="celsius" value="18" />
        <pressure unit="hPa" value="1016.7" />
      </time>
      <time from="2016-04-04T06:00:00" to="2016-04-04T12:00:00" period="1">
        <!-- Valid from 2016-04-04T06:00:00 to 2016-04-04T12:00:00 -->
        <symbol number="3" numberEx="3" name="Partly cloudy" var="03d" />
        <precipitation value="0" />
        <!-- Valid at 2016-04-04T06:00:00 -->
        <windDirection deg="262.5" code="W" name="West" />
        <windSpeed mps="2.2" name="Light breeze" />
        <temperature unit="celsius" value="16" />
        <pressure unit="hPa" value="1015.4" />
      </time>
      <time from="2016-04-04T12:00:00" to="2016-04-04T18:00:00" period="2">
        <!-- Valid from 2016-04-04T12:00:00 to 2016-04-04T18:00:00 -->
        <symbol number="2" numberEx="2" name="Fair" var="02d" />
        <precipitation value="0" />
        <!-- Valid at 2016-04-04T12:00:00 -->
        <windDirection deg="201.4" code="SSW" name="South-southwest" />
        <windSpeed mps="5.9" name="Moderate breeze" />
        <temperature unit="celsius" value="20" />
        <pressure unit="hPa" value="1015.7" />
      </time>
      <time from="2016-04-04T18:00:00" to="2016-04-05T00:00:00" period="3">
        <!-- Valid from 2016-04-04T18:00:00 to 2016-04-05T00:00:00 -->
        <symbol number="2" numberEx="2" name="Fair" var="mf/02n.10" />
        <precipitation value="0" />
        <!-- Valid at 2016-04-04T18:00:00 -->
        <windDirection deg="219.1" code="SW" name="Southwest" />
        <windSpeed mps="5.0" name="Gentle breeze" />
        <temperature unit="celsius" value="17" />
        <pressure unit="hPa" value="1014.9" />
      </time>
      <time from="2016-04-05T00:00:00" to="2016-04-05T06:00:00" period="0">
        <!-- Valid from 2016-04-05T00:00:00 to 2016-04-05T06:00:00 -->
        <symbol number="2" numberEx="2" name="Fair" var="mf/02n.07" />
        <precipitation value="0" />
        <!-- Valid at 2016-04-05T00:00:00 -->
        <windDirection deg="205.7" code="SSW" name="South-southwest" />
        <windSpeed mps="5.9" name="Moderate breeze" />
        <temperature unit="celsius" value="17" />
        <pressure unit="hPa" value="1015.6" />
      </time>
      <time from="2016-04-05T06:00:00" to="2016-04-05T12:00:00" period="1">
        <!-- Valid from 2016-04-05T06:00:00 to 2016-04-05T12:00:00 -->
        <symbol number="1" numberEx="1" name="Clear sky" var="01d" />
        <precipitation value="0" />
        <!-- Valid at 2016-04-05T06:00:00 -->
        <windDirection deg="180.4" code="S" name="South" />
        <windSpeed mps="3.8" name="Gentle breeze" />
        <temperature unit="celsius" value="15" />
        <pressure unit="hPa" value="1015.6" />
      </time>
      <time from="2016-04-05T12:00:00" to="2016-04-05T18:00:00" period="2">
        <!-- Valid from 2016-04-05T12:00:00 to 2016-04-05T18:00:00 -->
        <symbol number="3" numberEx="3" name="Partly cloudy" var="03d" />
        <precipitation value="0" />
        <!-- Valid at 2016-04-05T12:00:00 -->
        <windDirection deg="171.4" code="S" name="South" />
        <windSpeed mps="4.2" name="Gentle breeze" />
        <temperature unit="celsius" value="18" />
        <pressure unit="hPa" value="1017.2" />
      </time>
      <time from="2016-04-05T18:00:00" to="2016-04-06T00:00:00" period="3">
        <!-- Valid from 2016-04-05T18:00:00 to 2016-04-06T00:00:00 -->
        <symbol number="2" numberEx="2" name="Fair" var="mf/02n.07" />
        <precipitation value="0" />
        <!-- Valid at 2016-04-05T18:00:00 -->
        <windDirection deg="192.5" code="SSW" name="South-southwest" />
        <windSpeed mps="3.4" name="Gentle breeze" />
        <temperature unit="celsius" value="17" />
        <pressure unit="hPa" value="1016.9" />
      </time>
      <time from="2016-04-06T00:00:00" to="2016-04-06T06:00:00" period="0">
        <!-- Valid from 2016-04-06T00:00:00 to 2016-04-06T06:00:00 -->
        <symbol number="1" numberEx="1" name="Clear sky" var="mf/01n.04" />
        <precipitation value="0" />
        <!-- Valid at 2016-04-06T00:00:00 -->
        <windDirection deg="111.6" code="ESE" name="East-southeast" />
        <windSpeed mps="3.0" name="Light breeze" />
        <temperature unit="celsius" value="16" />
        <pressure unit="hPa" value="1019.4" />
      </time>
      <time from="2016-04-06T06:00:00" to="2016-04-06T12:00:00" period="1">
        <!-- Valid from 2016-04-06T06:00:00 to 2016-04-06T12:00:00 -->
        <symbol number="1" numberEx="1" name="Clear sky" var="01d" />
        <precipitation value="0" />
        <!-- Valid at 2016-04-06T06:00:00 -->
        <windDirection deg="141.4" code="SE" name="Southeast" />
        <windSpeed mps="2.6" name="Light breeze" />
        <temperature unit="celsius" value="13" />
        <pressure unit="hPa" value="1020.3" />
      </time>
      <time from="2016-04-06T12:00:00" to="2016-04-06T18:00:00" period="2">
        <!-- Valid from 2016-04-06T12:00:00 to 2016-04-06T18:00:00 -->
        <symbol number="1" numberEx="1" name="Clear sky" var="01d" />
        <precipitation value="0" />
        <!-- Valid at 2016-04-06T12:00:00 -->
        <windDirection deg="132.4" code="SE" name="Southeast" />
        <windSpeed mps="2.9" name="Light breeze" />
        <temperature unit="celsius" value="18" />
        <pressure unit="hPa" value="1021.3" />
      </time>
      <time from="2016-04-06T18:00:00" to="2016-04-07T00:00:00" period="3">
        <!-- Valid from 2016-04-06T18:00:00 to 2016-04-07T00:00:00 -->
        <symbol number="1" numberEx="1" name="Clear sky" var="mf/01n.04" />
        <precipitation value="0" />
        <!-- Valid at 2016-04-06T18:00:00 -->
        <windDirection deg="137.4" code="SE" name="Southeast" />
        <windSpeed mps="2.0" name="Light breeze" />
        <temperature unit="celsius" value="16" />
        <pressure unit="hPa" value="1020.6" />
      </time>
      <time from="2016-04-07T00:00:00" to="2016-04-07T06:00:00" period="0">
        <!-- Valid from 2016-04-07T00:00:00 to 2016-04-07T06:00:00 -->
        <symbol number="1" numberEx="1" name="Clear sky" var="mf/01n.00" />
        <precipitation value="0" />
        <!-- Valid at 2016-04-07T00:00:00 -->
        <windDirection deg="117.7" code="ESE" name="East-southeast" />
        <windSpeed mps="1.8" name="Light breeze" />
        <temperature unit="celsius" value="15" />
        <pressure unit="hPa" value="1021.8" />
      </time>
      <time from="2016-04-07T06:00:00" to="2016-04-07T12:00:00" period="1">
        <!-- Valid from 2016-04-07T06:00:00 to 2016-04-07T12:00:00 -->
        <symbol number="3" numberEx="3" name="Partly cloudy" var="03d" />
        <precipitation value="0" />
        <!-- Valid at 2016-04-07T06:00:00 -->
        <windDirection deg="150.2" code="SSE" name="South-southeast" />
        <windSpeed mps="2.4" name="Light breeze" />
        <temperature unit="celsius" value="13" />
        <pressure unit="hPa" value="1020.9" />
      </time>
      <time from="2016-04-07T12:00:00" to="2016-04-07T18:00:00" period="2">
        <!-- Valid from 2016-04-07T12:00:00 to 2016-04-07T18:00:00 -->
        <symbol number="2" numberEx="2" name="Fair" var="02d" />
        <precipitation value="0" />
        <!-- Valid at 2016-04-07T12:00:00 -->
        <windDirection deg="34.8" code="NE" name="Northeast" />
        <windSpeed mps="1.3" name="Light air" />
        <temperature unit="celsius" value="19" />
        <pressure unit="hPa" value="1021.2" />
      </time>
      <time from="2016-04-07T18:00:00" to="2016-04-08T00:00:00" period="3">
        <!-- Valid from 2016-04-07T18:00:00 to 2016-04-08T00:00:00 -->
        <symbol number="1" numberEx="1" name="Clear sky" var="mf/01n.00" />
        <precipitation value="0" />
        <!-- Valid at 2016-04-07T18:00:00 -->
        <windDirection deg="258.8" code="W" name="West" />
        <windSpeed mps="0.6" name="Light air" />
        <temperature unit="celsius" value="18" />
        <pressure unit="hPa" value="1018.7" />
      </time>
      <time from="2016-04-08T00:00:00" to="2016-04-08T06:00:00" period="0">
        <!-- Valid from 2016-04-08T00:00:00 to 2016-04-08T06:00:00 -->
        <symbol number="3" numberEx="3" name="Partly cloudy" var="mf/03n.97" />
        <precipitation value="0" />
        <!-- Valid at 2016-04-08T00:00:00 -->
        <windDirection deg="310.9" code="NW" name="Northwest" />
        <windSpeed mps="1.5" name="Light air" />
        <temperature unit="celsius" value="16" />
        <pressure unit="hPa" value="1018.9" />
      </time>
      <time from="2016-04-08T06:00:00" to="2016-04-08T12:00:00" period="1">
        <!-- Valid from 2016-04-08T06:00:00 to 2016-04-08T12:00:00 -->
        <symbol number="3" numberEx="3" name="Partly cloudy" var="03d" />
        <precipitation value="0" />
        <!-- Valid at 2016-04-08T06:00:00 -->
        <windDirection deg="313.8" code="NW" name="Northwest" />
        <windSpeed mps="2.1" name="Light breeze" />
        <temperature unit="celsius" value="14" />
        <pressure unit="hPa" value="1017.2" />
      </time>
      <time from="2016-04-08T12:00:00" to="2016-04-08T18:00:00" period="2">
        <!-- Valid from 2016-04-08T12:00:00 to 2016-04-08T18:00:00 -->
        <symbol number="4" numberEx="4" name="Cloudy" var="04" />
        <precipitation value="0" />
        <!-- Valid at 2016-04-08T12:00:00 -->
        <windDirection deg="358.7" code="N" name="North" />
        <windSpeed mps="3.1" name="Light breeze" />
        <temperature unit="celsius" value="19" />
        <pressure unit="hPa" value="1016.6" />
      </time>
      <time from="2016-04-08T18:00:00" to="2016-04-09T00:00:00" period="3">
        <!-- Valid from 2016-04-08T18:00:00 to 2016-04-09T00:00:00 -->
        <symbol number="9" numberEx="46" name="Light rain" var="46" />
        <precipitation value="0.6" />
        <!-- Valid at 2016-04-08T18:00:00 -->
        <windDirection deg="312.0" code="NW" name="Northwest" />
        <windSpeed mps="1.6" name="Light breeze" />
        <temperature unit="celsius" value="18" />
        <pressure unit="hPa" value="1013.8" />
      </time>
      <time from="2016-04-09T00:00:00" to="2016-04-09T06:00:00" period="0">
        <!-- Valid from 2016-04-09T00:00:00 to 2016-04-09T06:00:00 -->
        <symbol number="5" numberEx="5" name="Rain showers" var="mf/05n.93" />
        <precipitation value="1.4" />
        <!-- Valid at 2016-04-09T00:00:00 -->
        <windDirection deg="331.2" code="NNW" name="North-northwest" />
        <windSpeed mps="3.2" name="Light breeze" />
        <temperature unit="celsius" value="17" />
        <pressure unit="hPa" value="1013.8" />
      </time>
      <time from="2016-04-09T06:00:00" to="2016-04-09T12:00:00" period="1">
        <!-- Valid from 2016-04-09T06:00:00 to 2016-04-09T12:00:00 -->
        <symbol number="10" numberEx="10" name="Heavy rain" var="10" />
        <precipitation value="5.7" />
        <!-- Valid at 2016-04-09T06:00:00 -->
        <windDirection deg="325.1" code="NW" name="Northwest" />
        <windSpeed mps="3.4" name="Gentle breeze" />
        <temperature unit="celsius" value="16" />
        <pressure unit="hPa" value="1011.3" />
      </time>
      <time from="2016-04-09T12:00:00" to="2016-04-09T18:00:00" period="2">
        <!-- Valid from 2016-04-09T12:00:00 to 2016-04-09T18:00:00 -->
        <symbol number="9" numberEx="9" name="Rain" var="09" />
        <precipitation value="4.3" />
        <!-- Valid at 2016-04-09T12:00:00 -->
        <windDirection deg="333.8" code="NNW" name="North-northwest" />
        <windSpeed mps="5.8" name="Moderate breeze" />
        <temperature unit="celsius" value="18" />
        <pressure unit="hPa" value="1010.8" />
      </time>
      <time from="2016-04-09T18:00:00" to="2016-04-10T00:00:00" period="3">
        <!-- Valid from 2016-04-09T18:00:00 to 2016-04-10T00:00:00 -->
        <symbol number="3" numberEx="3" name="Partly cloudy" var="mf/03n.93" />
        <precipitation value="0" />
        <!-- Valid at 2016-04-09T18:00:00 -->
        <windDirection deg="316.6" code="NW" name="Northwest" />
        <windSpeed mps="4.8" name="Gentle breeze" />
        <temperature unit="celsius" value="17" />
        <pressure unit="hPa" value="1008.5" />
      </time>
      <time from="2016-04-10T00:00:00" to="2016-04-10T06:00:00" period="0">
        <!-- Valid from 2016-04-10T00:00:00 to 2016-04-10T06:00:00 -->
        <symbol number="3" numberEx="3" name="Partly cloudy" var="mf/03n.90" />
        <precipitation value="0" />
        <!-- Valid at 2016-04-10T00:00:00 -->
        <windDirection deg="270.1" code="W" name="West" />
        <windSpeed mps="2.9" name="Light breeze" />
        <temperature unit="celsius" value="16" />
        <pressure unit="hPa" value="1009.3" />
      </time>
      <time from="2016-04-10T06:00:00" to="2016-04-10T12:00:00" period="1">
        <!-- Valid from 2016-04-10T06:00:00 to 2016-04-10T12:00:00 -->
        <symbol number="2" numberEx="2" name="Fair" var="02d" />
        <precipitation value="0" />
        <!-- Valid at 2016-04-10T06:00:00 -->
        <windDirection deg="282.0" code="WNW" name="West-northwest" />
        <windSpeed mps="5.0" name="Gentle breeze" />
        <temperature unit="celsius" value="16" />
        <pressure unit="hPa" value="1008.1" />
      </time>
      <time from="2016-04-10T12:00:00" to="2016-04-10T18:00:00" period="2">
        <!-- Valid from 2016-04-10T12:00:00 to 2016-04-10T18:00:00 -->
        <symbol number="2" numberEx="2" name="Fair" var="02d" />
        <precipitation value="0" />
        <!-- Valid at 2016-04-10T12:00:00 -->
        <windDirection deg="255.1" code="WSW" name="West-southwest" />
        <windSpeed mps="9.7" name="Fresh breeze" />
        <temperature unit="celsius" value="19" />
        <pressure unit="hPa" value="1007.8" />
      </time>
      <time from="2016-04-10T18:00:00" to="2016-04-11T00:00:00" period="3">
        <!-- Valid from 2016-04-10T18:00:00 to 2016-04-11T00:00:00 -->
        <symbol number="1" numberEx="1" name="Clear sky" var="mf/01n.90" />
        <precipitation value="0" />
        <!-- Valid at 2016-04-10T18:00:00 -->
        <windDirection deg="212.9" code="SSW" name="South-southwest" />
        <windSpeed mps="7.6" name="Moderate breeze" />
        <temperature unit="celsius" value="17" />
        <pressure unit="hPa" value="1009.2" />
      </time>
    </tabular>
  </forecast>
</weatherdata>