<?xml version="1.0" encoding="utf-8"?>
<weatherdata>
  <location>
    <name>Brisbane</name>
    <type>Regional capital</type>
    <country>Australia</country>
    <timezone id="Australia/Brisbane" utcoffsetMinutes="600" />
    <location altitude="27" latitude="-27.46794" longitude="153.02809" geobase="geonames" geobaseid="2174003" />
  </location>
  <credit>
    <!--In order to use the free weather data from yr no, you HAVE to display 
the following text clearly visible on your web page. The text should be a 
link to the specified URL.-->
    <!--Please read more about our conditions and guidelines at http://om.yr.no/verdata/  English explanation at http://om.yr.no/verdata/free-weather-data/-->
    <link text="Weather forecast from yr.no, delivered by the Norwegian Meteorological Institute and the NRK" url="http://www.yr.no/place/Australia/Queensland/Brisbane/" />
  </credit>
  <links>
    <link id="xmlSource" url="http://www.yr.no/place/Australia/Queensland/Brisbane/forecast.xml" />
    <link id="xmlSourceHourByHour" url="http://www.yr.no/place/Australia/Queensland/Brisbane/forecast_hour_by_hour.xml" />
    <link id="overview" url="http://www.yr.no/place/Australia/Queensland/Brisbane/" />
    <link id="hourByHour" url="http://www.yr.no/place/Australia/Queensland/Brisbane/hour_by_hour" />
    <link id="longTermForecast" url="http://www.yr.no/place/Australia/Queensland/Brisbane/long" />
  </links>
  <meta>
    <lastupdate>2016-04-01T05:43:00</lastupdate>
    <nextupdate>2016-04-01T18:00:00</nextupdate>
  </meta>
  <sun rise="2016-04-01T05:57:35" set="2016-04-01T17:45:30" />
  <forecast>
    <tabular>
      <time from="2016-04-01T16:00:00" to="2016-04-01T19:00:00" period="2">
        <!-- Valid from 2016-04-01T16:00:00 to 2016-04-01T19:00:00 -->
        <symbol number="1" numberEx="1" name="Clear sky" var="01d" />
        <precipitation value="0" />
        <!-- Valid at 2016-04-01T16:00:00 -->
        <windDirection deg="68.1" code="ENE" name="East-northeast" />
        <windSpeed mps="3.6" name="Gentle breeze" />
        <temperature unit="celsius" value="26" />
        <pressure unit="hPa" value="1016.4" />
      </time>
      <time from="2016-04-01T19:00:00" to="2016-04-02T01:00:00" period="3">
        <!-- Valid from 2016-04-01T19:00:00 to 2016-04-02T01:00:00 -->
        <symbol number="1" numberEx="1" name="Clear sky" var="mf/01n.21" />
        <precipitation value="0" />
        <!-- Valid at 2016-04-01T19:00:00 -->
        <windDirection deg="95.5" code="E" name="East" />
        <windSpeed mps="1.8" name="Light breeze" />
        <temperature unit="celsius" value="23" />
        <pressure unit="hPa" value="1018.3" />
      </time>
      <time from="2016-04-02T01:00:00" to="2016-04-02T07:00:00" period="0">
        <!-- Valid from 2016-04-02T01:00:00 to 2016-04-02T07:00:00 -->
        <symbol number="2" numberEx="2" name="Fair" var="mf/02n.17" />
        <precipitation value="0" />
        <!-- Valid at 2016-04-02T01:00:00 -->
        <windDirection deg="204.5" code="SSW" name="South-southwest" />
        <windSpeed mps="0.7" name="Light air" />
        <temperature unit="celsius" value="20" />
        <pressure unit="hPa" value="1018.8" />
      </time>
      <time from="2016-04-02T07:00:00" to="2016-04-02T13:00:00" period="1">
        <!-- Valid from 2016-04-02T07:00:00 to 2016-04-02T13:00:00 -->
        <symbol number="3" numberEx="3" name="Partly cloudy" var="03d" />
        <precipitation value="0" />
        <!-- Valid at 2016-04-02T07:00:00 -->
        <windDirection deg="233.2" code="SW" name="Southwest" />
        <windSpeed mps="1.7" name="Light breeze" />
        <temperature unit="celsius" value="21" />
        <pressure unit="hPa" value="1019.2" />
      </time>
      <time from="2016-04-02T13:00:00" to="2016-04-02T19:00:00" period="2">
        <!-- Valid from 2016-04-02T13:00:00 to 2016-04-02T19:00:00 -->
        <symbol number="1" numberEx="1" name="Clear sky" var="01d" />
        <precipitation value="0" />
        <!-- Valid at 2016-04-02T13:00:00 -->
        <windDirection deg="43.7" code="NE" name="Northeast" />
        <windSpeed mps="1.5" name="Light air" />
        <temperature unit="celsius" value="29" />
        <pressure unit="hPa" value="1017.6" />
      </time>
      <time from="2016-04-02T19:00:00" to="2016-04-03T01:00:00" period="3">
        <!-- Valid from 2016-04-02T19:00:00 to 2016-04-03T01:00:00 -->
        <symbol number="1" numberEx="1" name="Clear sky" var="mf/01n.17" />
        <precipitation value="0" />
        <!-- Valid at 2016-04-02T19:00:00 -->
        <windDirection deg="43.6" code="NE" name="Northeast" />
        <windSpeed mps="2.7" name="Light breeze" />
        <temperature unit="celsius" value="24" />
        <pressure unit="hPa" value="1018.0" />
      </time>
      <time from="2016-04-03T01:00:00" to="2016-04-03T07:00:00" period="0">
        <!-- Valid from 2016-04-03T01:00:00 to 2016-04-03T07:00:00 -->
        <symbol number="3" numberEx="3" name="Partly cloudy" var="mf/03n.14" />
        <precipitation value="0" />
        <!-- Valid at 2016-04-03T01:00:00 -->
        <windDirection deg="248.7" code="WSW" name="West-southwest" />
        <windSpeed mps="1.1" name="Light air" />
        <temperature unit="celsius" value="20" />
        <pressure unit="hPa" value="1018.2" />
      </time>
      <time from="2016-04-03T07:00:00" to="2016-04-03T13:00:00" period="1">
        <!-- Valid from 2016-04-03T07:00:00 to 2016-04-03T13:00:00 -->
        <symbol number="2" numberEx="2" name="Fair" var="02d" />
        <precipitation value="0" />
        <!-- Valid at 2016-04-03T07:00:00 -->
        <windDirection deg="185.8" code="S" name="South" />
        <windSpeed mps="1.6" name="Light breeze" />
        <temperature unit="celsius" value="21" />
        <pressure unit="hPa" value="1019.6" />
      </time>
      <time from="2016-04-03T13:00:00" to="2016-04-03T19:00:00" period="2">
        <!-- Valid from 2016-04-03T13:00:00 to 2016-04-03T19:00:00 -->
        <symbol number="1" numberEx="1" name="Clear sky" var="01d" />
        <precipitation value="0" />
        <!-- Valid at 2016-04-03T13:00:00 -->
        <windDirection deg="102.2" code="ESE" name="East-southeast" />
        <windSpeed mps="4.5" name="Gentle breeze" />
        <temperature unit="celsius" value="28" />
        <pressure unit="hPa" value="1018.7" />
      </time>
      <time from="2016-04-03T16:00:00" to="2016-04-03T22:00:00" period="3">
        <!-- Valid from 2016-04-03T16:00:00 to 2016-04-03T22:00:00 -->
        <symbol number="1" numberEx="1" name="Clear sky" var="mf/01n.14" />
        <precipitation value="0" />
        <!-- Valid at 2016-04-03T16:00:00 -->
        <windDirection deg="102.7" code="ESE" name="East-southeast" />
        <windSpeed mps="4.3" name="Gentle breeze" />
        <temperature unit="celsius" value="27" />
        <pressure unit="hPa" value="1018.3" />
      </time>
      <time from="2016-04-03T22:00:00" to="2016-04-04T04:00:00" period="0">
        <!-- Valid from 2016-04-03T22:00:00 to 2016-04-04T04:00:00 -->
        <symbol number="2" numberEx="2" name="Fair" var="mf/02n.10" />
        <precipitation value="0" />
        <!-- Valid at 2016-04-03T22:00:00 -->
        <windDirection deg="144.0" code="SE" name="Southeast" />
        <windSpeed mps="1.7" name="Light breeze" />
        <temperature unit="celsius" value="21" />
        <pressure unit="hPa" value="1021.0" />
      </time>
      <time from="2016-04-04T04:00:00" to="2016-04-04T10:00:00" period="1">
        <!-- Valid from 2016-04-04T04:00:00 to 2016-04-04T10:00:00 -->
        <symbol number="3" numberEx="3" name="Partly cloudy" var="03d" />
        <precipitation value="0" />
        <!-- Valid at 2016-04-04T04:00:00 -->
        <windDirection deg="170.5" code="S" name="South" />
        <windSpeed mps="2.2" name="Light breeze" />
        <temperature unit="celsius" value="20" />
        <pressure unit="hPa" value="1018.3" />
      </time>
      <time from="2016-04-04T10:00:00" to="2016-04-04T16:00:00" period="2">
        <!-- Valid from 2016-04-04T10:00:00 to 2016-04-04T16:00:00 -->
        <symbol number="3" numberEx="3" name="Partly cloudy" var="03d" />
        <precipitation value="0" />
        <!-- Valid at 2016-04-04T10:00:00 -->
        <windDirection deg="120.6" code="ESE" name="East-southeast" />
        <windSpeed mps="3.7" name="Gentle breeze" />
        <temperature unit="celsius" value="25" />
        <pressure unit="hPa" value="1019.3" />
      </time>
      <time from="2016-04-04T16:00:00" to="2016-04-04T22:00:00" period="3">
        <!-- Valid from 2016-04-04T16:00:00 to 2016-04-04T22:00:00 -->
        <symbol number="2" numberEx="2" name="Fair" var="mf/02n.10" />
        <precipitation value="0" />
        <!-- Valid at 2016-04-04T16:00:00 -->
        <windDirection deg="90.9" code="E" name="East" />
        <windSpeed mps="3.8" name="Gentle breeze" />
        <temperature unit="celsius" value="26" />
        <pressure unit="hPa" value="1016.2" />
      </time>
      <time from="2016-04-04T22:00:00" to="2016-04-05T04:00:00" period="0">
        <!-- Valid from 2016-04-04T22:00:00 to 2016-04-05T04:00:00 -->
        <symbol number="3" numberEx="3" name="Partly cloudy" var="mf/03n.07" />
        <precipitation value="0" />
        <!-- Valid at 2016-04-04T22:00:00 -->
        <windDirection deg="170.3" code="S" name="South" />
        <windSpeed mps="1.2" name="Light air" />
        <temperature unit="celsius" value="21" />
        <pressure unit="hPa" value="1018.5" />
      </time>
      <time from="2016-04-05T04:00:00" to="2016-04-05T10:00:00" period="1">
        <!-- Valid from 2016-04-05T04:00:00 to 2016-04-05T10:00:00 -->
        <symbol number="3" numberEx="3" name="Partly cloudy" var="03d" />
        <precipitation value="0" />
        <!-- Valid at 2016-04-05T04:00:00 -->
        <windDirection deg="172.8" code="S" name="South" />
        <windSpeed mps="1.7" name="Light breeze" />
        <temperature unit="celsius" value="20" />
        <pressure unit="hPa" value="1016.7" />
      </time>
      <time from="2016-04-05T10:00:00" to="2016-04-05T16:00:00" period="2">
        <!-- Valid from 2016-04-05T10:00:00 to 2016-04-05T16:00:00 -->
        <symbol number="5" numberEx="40" name="Light rain showers" var="40d" />
        <precipitation value="0.7" />
        <!-- Valid at 2016-04-05T10:00:00 -->
        <windDirection deg="137.6" code="SE" name="Southeast" />
        <windSpeed mps="1.8" name="Light breeze" />
        <temperature unit="celsius" value="26" />
        <pressure unit="hPa" value="1017.6" />
      </time>
      <time from="2016-04-05T16:00:00" to="2016-04-05T22:00:00" period="3">
        <!-- Valid from 2016-04-05T16:00:00 to 2016-04-05T22:00:00 -->
        <symbol number="1" numberEx="1" name="Clear sky" var="mf/01n.07" />
        <precipitation value="0" />
        <!-- Valid at 2016-04-05T16:00:00 -->
        <windDirection deg="86.7" code="E" name="East" />
        <windSpeed mps="3.5" name="Gentle breeze" />
        <temperature unit="celsius" value="25" />
        <pressure unit="hPa" value="1014.8" />
      </time>
      <time from="2016-04-05T22:00:00" to="2016-04-06T04:00:00" period="0">
        <!-- Valid from 2016-04-05T22:00:00 to 2016-04-06T04:00:00 -->
        <symbol number="2" numberEx="2" name="Fair" var="mf/02n.04" />
        <precipitation value="0" />
        <!-- Valid at 2016-04-05T22:00:00 -->
        <windDirection deg="82.1" code="E" name="East" />
        <windSpeed mps="1.4" name="Light air" />
        <temperature unit="celsius" value="22" />
        <pressure unit="hPa" value="1017.1" />
      </time>
      <time from="2016-04-06T04:00:00" to="2016-04-06T10:00:00" period="1">
        <!-- Valid from 2016-04-06T04:00:00 to 2016-04-06T10:00:00 -->
        <symbol number="2" numberEx="2" name="Fair" var="02d" />
        <precipitation value="0" />
        <!-- Valid at 2016-04-06T04:00:00 -->
        <windDirection deg="215.9" code="SW" name="Southwest" />
        <windSpeed mps="1.0" name="Light air" />
        <temperature unit="celsius" value="20" />
        <pressure unit="hPa" value="1015.5" />
      </time>
      <time from="2016-04-06T10:00:00" to="2016-04-06T16:00:00" period="2">
        <!-- Valid from 2016-04-06T10:00:00 to 2016-04-06T16:00:00 -->
        <symbol number="2" numberEx="2" name="Fair" var="02d" />
        <precipitation value="0" />
        <!-- Valid at 2016-04-06T10:00:00 -->
        <windDirection deg="265.3" code="W" name="West" />
        <windSpeed mps="0.6" name="Light air" />
        <temperature unit="celsius" value="26" />
        <pressure unit="hPa" value="1016.8" />
      </time>
      <time from="2016-04-06T16:00:00" to="2016-04-06T22:00:00" period="3">
        <!-- Valid from 2016-04-06T16:00:00 to 2016-04-06T22:00:00 -->
        <symbol number="2" numberEx="2" name="Fair" var="mf/02n.04" />
        <precipitation value="0" />
        <!-- Valid at 2016-04-06T16:00:00 -->
        <windDirection deg="48.6" code="NE" name="Northeast" />
        <windSpeed mps="4.4" name="Gentle breeze" />
        <temperature unit="celsius" value="26" />
        <pressure unit="hPa" value="1013.6" />
      </time>
      <time from="2016-04-06T22:00:00" to="2016-04-07T04:00:00" period="0">
        <!-- Valid from 2016-04-06T22:00:00 to 2016-04-07T04:00:00 -->
        <symbol number="1" numberEx="1" name="Clear sky" var="mf/01n.00" />
        <precipitation value="0" />
        <!-- Valid at 2016-04-06T22:00:00 -->
        <windDirection deg="349.1" code="N" name="North" />
        <windSpeed mps="1.5" name="Light air" />
        <temperature unit="celsius" value="22" />
        <pressure unit="hPa" value="1016.1" />
      </time>
      <time from="2016-04-07T04:00:00" to="2016-04-07T10:00:00" period="1">
        <!-- Valid from 2016-04-07T04:00:00 to 2016-04-07T10:00:00 -->
        <symbol number="2" numberEx="2" name="Fair" var="02d" />
        <precipitation value="0" />
        <!-- Valid at 2016-04-07T04:00:00 -->
        <windDirection deg="308.7" code="NW" name="Northwest" />
        <windSpeed mps="1.6" name="Light breeze" />
        <temperature unit="celsius" value="20" />
        <pressure unit="hPa" value="1014.2" />
      </time>
      <time from="2016-04-07T10:00:00" to="2016-04-07T16:00:00" period="2">
        <!-- Valid from 2016-04-07T10:00:00 to 2016-04-07T16:00:00 -->
        <symbol number="5" numberEx="5" name="Rain showers" var="05d" />
        <precipitation value="1.4" />
        <!-- Valid at 2016-04-07T10:00:00 -->
        <windDirection deg="204.5" code="SSW" name="South-southwest" />
        <windSpeed mps="1.1" name="Light air" />
        <temperature unit="celsius" value="27" />
        <pressure unit="hPa" value="1017.6" />
      </time>
      <time from="2016-04-07T16:00:00" to="2016-04-07T22:00:00" period="3">
        <!-- Valid from 2016-04-07T16:00:00 to 2016-04-07T22:00:00 -->
        <symbol number="3" numberEx="3" name="Partly cloudy" var="mf/03n.00" />
        <precipitation value="0" />
        <!-- Valid at 2016-04-07T16:00:00 -->
        <windDirection deg="121.3" code="ESE" name="East-southeast" />
        <windSpeed mps="2.9" name="Light breeze" />
        <temperature unit="celsius" value="24" />
        <pressure unit="hPa" value="1016.1" />
      </time>
      <time from="2016-04-07T22:00:00" to="2016-04-08T04:00:00" period="0">
        <!-- Valid from 2016-04-07T22:00:00 to 2016-04-08T04:00:00 -->
        <symbol number="4" numberEx="4" name="Cloudy" var="04" />
        <precipitation value="0" />
        <!-- Valid at 2016-04-07T22:00:00 -->
        <windDirection deg="173.8" code="S" name="South" />
        <windSpeed mps="1.1" name="Light air" />
        <temperature unit="celsius" value="22" />
        <pressure unit="hPa" value="1018.6" />
      </time>
      <time from="2016-04-08T04:00:00" to="2016-04-08T10:00:00" period="1">
        <!-- Valid from 2016-04-08T04:00:00 to 2016-04-08T10:00:00 -->
        <symbol number="5" numberEx="40" name="Light rain showers" var="40d" />
        <precipitation value="0.8" />
        <!-- Valid at 2016-04-08T04:00:00 -->
        <windDirection deg="179.4" code="S" name="South" />
        <windSpeed mps="2.5" name="Light breeze" />
        <temperature unit="celsius" value="21" />
        <pressure unit="hPa" value="1017.0" />
      </time>
      <time from="2016-04-08T10:00:00" to="2016-04-08T16:00:00" period="2">
        <!-- Valid from 2016-04-08T10:00:00 to 2016-04-08T16:00:00 -->
        <symbol number="10" numberEx="10" name="Heavy rain" var="10" />
        <precipitation value="15.0" />
        <!-- Valid at 2016-04-08T10:00:00 -->
        <windDirection deg="161.3" code="SSE" name="South-southeast" />
        <windSpeed mps="4.5" name="Gentle breeze" />
        <temperature unit="celsius" value="23" />
        <pressure unit="hPa" value="1019.1" />
      </time>
      <time from="2016-04-08T16:00:00" to="2016-04-08T22:00:00" period="3">
        <!-- Valid from 2016-04-08T16:00:00 to 2016-04-08T22:00:00 -->
        <symbol number="4" numberEx="4" name="Cloudy" var="04" />
        <precipitation value="0" />
        <!-- Valid at 2016-04-08T16:00:00 -->
        <windDirection deg="146.2" code="SE" name="Southeast" />
        <windSpeed mps="3.6" name="Gentle breeze" />
        <temperature unit="celsius" value="21" />
        <pressure unit="hPa" value="1017.3" />
      </time>
      <time from="2016-04-08T22:00:00" to="2016-04-09T04:00:00" period="0">
        <!-- Valid from 2016-04-08T22:00:00 to 2016-04-09T04:00:00 -->
        <symbol number="3" numberEx="3" name="Partly cloudy" var="mf/03n.93" />
        <precipitation value="0" />
        <!-- Valid at 2016-04-08T22:00:00 -->
        <windDirection deg="183.0" code="S" name="South" />
        <windSpeed mps="2.1" name="Light breeze" />
        <temperature unit="celsius" value="20" />
        <pressure unit="hPa" value="1020.0" />
      </time>
      <time from="2016-04-09T04:00:00" to="2016-04-09T10:00:00" period="1">
        <!-- Valid from 2016-04-09T04:00:00 to 2016-04-09T10:00:00 -->
        <symbol number="3" numberEx="3" name="Partly cloudy" var="03d" />
        <precipitation value="0" />
        <!-- Valid at 2016-04-09T04:00:00 -->
        <windDirection deg="190.9" code="S" name="South" />
        <windSpeed mps="2.3" name="Light breeze" />
        <temperature unit="celsius" value="19" />
        <pressure unit="hPa" value="1018.5" />
      </time>
      <time from="2016-04-09T10:00:00" to="2016-04-09T16:00:00" period="2">
        <!-- Valid from 2016-04-09T10:00:00 to 2016-04-09T16:00:00 -->
        <symbol number="5" numberEx="40" name="Light rain showers" var="40d" />
        <precipitation value="0.7" />
        <!-- Valid at 2016-04-09T10:00:00 -->
        <windDirection deg="143.9" code="SE" name="Southeast" />
        <windSpeed mps="4.0" name="Gentle breeze" />
        <temperature unit="celsius" value="23" />
        <pressure unit="hPa" value="1021.0" />
      </time>
      <time from="2016-04-09T16:00:00" to="2016-04-09T22:00:00" period="3">
        <!-- Valid from 2016-04-09T16:00:00 to 2016-04-09T22:00:00 -->
        <symbol number="1" numberEx="1" name="Clear sky" var="mf/01n.93" />
        <precipitation value="0" />
        <!-- Valid at 2016-04-09T16:00:00 -->
        <windDirection deg="121.5" code="ESE" name="East-southeast" />
        <windSpeed mps="3.8" name="Gentle breeze" />
        <temperature unit="celsius" value="23" />
        <pressure unit="hPa" value="1018.9" />
      </time>
      <time from="2016-04-09T22:00:00" to="2016-04-10T04:00:00" period="0">
        <!-- Valid from 2016-04-09T22:00:00 to 2016-04-10T04:00:00 -->
        <symbol number="2" numberEx="2" name="Fair" var="mf/02n.90" />
        <precipitation value="0" />
        <!-- Valid at 2016-04-09T22:00:00 -->
        <windDirection deg="164.1" code="SSE" name="South-southeast" />
        <windSpeed mps="2.0" name="Light breeze" />
        <temperature unit="celsius" value="19" />
        <pressure unit="hPa" value="1022.0" />
      </time>
      <time from="2016-04-10T04:00:00" to="2016-04-10T10:00:00" period="1">
        <!-- Valid from 2016-04-10T04:00:00 to 2016-04-10T10:00:00 -->
        <symbol number="3" numberEx="3" name="Partly cloudy" var="03d" />
        <precipitation value="0" />
        <!-- Valid at 2016-04-10T04:00:00 -->
        <windDirection deg="203.9" code="SSW" name="South-southwest" />
        <windSpeed mps="1.9" name="Light breeze" />
        <temperature unit="celsius" value="18" />
        <pressure unit="hPa" value="1020.8" />
      </time>
      <time from="2016-04-10T10:00:00" to="2016-04-10T16:00:00" period="2">
        <!-- Valid from 2016-04-10T10:00:00 to 2016-04-10T16:00:00 -->
        <symbol number="5" numberEx="5" name="Rain showers" var="05d" />
        <precipitation value="1.1" />
        <!-- Valid at 2016-04-10T10:00:00 -->
        <windDirection deg="141.3" code="SE" name="Southeast" />
        <windSpeed mps="3.6" name="Gentle breeze" />
        <temperature unit="celsius" value="23" />
        <pressure unit="hPa" value="1023.4" />
      </time>
      <time from="2016-04-10T16:00:00" to="2016-04-10T22:00:00" period="3">
        <!-- Valid from 2016-04-10T16:00:00 to 2016-04-10T22:00:00 -->
        <symbol number="4" numberEx="4" name="Cloudy" var="04" />
        <precipitation value="0" />
        <!-- Valid at 2016-04-10T16:00:00 -->
        <windDirection deg="114.2" code="ESE" name="East-southeast" />
        <windSpeed mps="4.3" name="Gentle breeze" />
        <temperature unit="celsius" value="22" />
        <pressure unit="hPa" value="1021.7" />
      </time>
    </tabular>
  </forecast>
</weatherdata>