<?xml version="1.0" encoding="utf-8"?>
<weatherdata>
  <location>
    <name>Christchurch</name>
    <type>Regional capital</type>
    <country>New Zealand</country>
    <timezone id="Pacific/Auckland" utcoffsetMinutes="780" />
    <location altitude="14" latitude="-43.53333" longitude="172.63333" geobase="geonames" geobaseid="2192362" />
  </location>
  <credit>
    <!--In order to use the free weather data from yr no, you HAVE to display 
the following text clearly visible on your web page. The text should be a 
link to the specified URL.-->
    <!--Please read more about our conditions and guidelines at http://om.yr.no/verdata/  English explanation at http://om.yr.no/verdata/free-weather-data/-->
    <link text="Weather forecast from yr.no, delivered by the Norwegian Meteorological Institute and the NRK" url="http://www.yr.no/place/New_Zealand/Canterbury/Christchurch/" />
  </credit>
  <links>
    <link id="xmlSource" url="http://www.yr.no/place/New_Zealand/Canterbury/Christchurch/forecast.xml" />
    <link id="xmlSourceHourByHour" url="http://www.yr.no/place/New_Zealand/Canterbury/Christchurch/forecast_hour_by_hour.xml" />
    <link id="overview" url="http://www.yr.no/place/New_Zealand/Canterbury/Christchurch/" />
    <link id="hourByHour" url="http://www.yr.no/place/New_Zealand/Canterbury/Christchurch/hour_by_hour" />
    <link id="longTermForecast" url="http://www.yr.no/place/New_Zealand/Canterbury/Christchurch/long" />
  </links>
  <meta>
    <lastupdate>2016-04-01T08:43:00</lastupdate>
    <nextupdate>2016-04-01T21:00:00</nextupdate>
  </meta>
  <sun rise="2016-04-01T07:46:08" set="2016-04-01T19:19:50" />
  <forecast>
    <tabular>
      <time from="2016-04-01T16:00:00" to="2016-04-01T19:00:00" period="2">
        <!-- Valid from 2016-04-01T16:00:00 to 2016-04-01T19:00:00 -->
        <symbol number="9" numberEx="9" name="Rain" var="09" />
        <precipitation value="0.9" />
        <!-- Valid at 2016-04-01T16:00:00 -->
        <windDirection deg="75.1" code="ENE" name="East-northeast" />
        <windSpeed mps="3.8" name="Gentle breeze" />
        <temperature unit="celsius" value="19" />
        <pressure unit="hPa" value="1017.2" />
      </time>
      <time from="2016-04-01T19:00:00" to="2016-04-02T01:00:00" period="3">
        <!-- Valid from 2016-04-01T19:00:00 to 2016-04-02T01:00:00 -->
        <symbol number="9" numberEx="9" name="Rain" var="09" />
        <precipitation value="1.1" />
        <!-- Valid at 2016-04-01T19:00:00 -->
        <windDirection deg="92.4" code="E" name="East" />
        <windSpeed mps="3.4" name="Gentle breeze" />
        <temperature unit="celsius" value="16" />
        <pressure unit="hPa" value="1017.0" />
      </time>
      <time from="2016-04-02T01:00:00" to="2016-04-02T07:00:00" period="0">
        <!-- Valid from 2016-04-02T01:00:00 to 2016-04-02T07:00:00 -->
        <symbol number="9" numberEx="9" name="Rain" var="09" />
        <precipitation value="3.3" />
        <!-- Valid at 2016-04-02T01:00:00 -->
        <windDirection deg="98.5" code="E" name="East" />
        <windSpeed mps="4.1" name="Gentle breeze" />
        <temperature unit="celsius" value="15" />
        <pressure unit="hPa" value="1016.3" />
      </time>
      <time from="2016-04-02T07:00:00" to="2016-04-02T13:00:00" period="1">
        <!-- Valid from 2016-04-02T07:00:00 to 2016-04-02T13:00:00 -->
        <symbol number="9" numberEx="46" name="Light rain" var="46" />
        <precipitation value="0.9" />
        <!-- Valid at 2016-04-02T07:00:00 -->
        <windDirection deg="50.7" code="NE" name="Northeast" />
        <windSpeed mps="6.2" name="Moderate breeze" />
        <temperature unit="celsius" value="14" />
        <pressure unit="hPa" value="1015.4" />
      </time>
      <time from="2016-04-02T13:00:00" to="2016-04-02T19:00:00" period="2">
        <!-- Valid from 2016-04-02T13:00:00 to 2016-04-02T19:00:00 -->
        <symbol number="5" numberEx="5" name="Rain showers" var="05d" />
        <precipitation value="1.0" />
        <!-- Valid at 2016-04-02T13:00:00 -->
        <windDirection deg="64.5" code="ENE" name="East-northeast" />
        <windSpeed mps="7.6" name="Moderate breeze" />
        <temperature unit="celsius" value="18" />
        <pressure unit="hPa" value="1013.7" />
      </time>
      <time from="2016-04-02T19:00:00" to="2016-04-03T01:00:00" period="3">
        <!-- Valid from 2016-04-02T19:00:00 to 2016-04-03T01:00:00 -->
        <symbol number="3" numberEx="3" name="Partly cloudy" var="mf/03n.17" />
        <precipitation value="0" />
        <!-- Valid at 2016-04-02T19:00:00 -->
        <windDirection deg="87.3" code="E" name="East" />
        <windSpeed mps="3.7" name="Gentle breeze" />
        <temperature unit="celsius" value="16" />
        <pressure unit="hPa" value="1010.4" />
      </time>
      <time from="2016-04-03T01:00:00" to="2016-04-03T07:00:00" period="0">
        <!-- Valid from 2016-04-03T01:00:00 to 2016-04-03T07:00:00 -->
        <symbol number="3" numberEx="3" name="Partly cloudy" var="mf/03n.14" />
        <precipitation value="0" />
        <!-- Valid at 2016-04-03T01:00:00 -->
        <windDirection deg="68.0" code="ENE" name="East-northeast" />
        <windSpeed mps="1.8" name="Light breeze" />
        <temperature unit="celsius" value="15" />
        <pressure unit="hPa" value="1008.8" />
      </time>
      <time from="2016-04-03T07:00:00" to="2016-04-03T13:00:00" period="1">
        <!-- Valid from 2016-04-03T07:00:00 to 2016-04-03T13:00:00 -->
        <symbol number="3" numberEx="3" name="Partly cloudy" var="03d" />
        <precipitation value="0" />
        <!-- Valid at 2016-04-03T07:00:00 -->
        <windDirection deg="12.2" code="NNE" name="North-northeast" />
        <windSpeed mps="1.2" name="Light air" />
        <temperature unit="celsius" value="14" />
        <pressure unit="hPa" value="1006.2" />
      </time>
      <time from="2016-04-03T13:00:00" to="2016-04-03T18:00:00" period="2">
        <!-- Valid from 2016-04-03T13:00:00 to 2016-04-03T18:00:00 -->
        <symbol number="3" numberEx="3" name="Partly cloudy" var="03d" />
        <precipitation value="0" />
        <!-- Valid at 2016-04-03T13:00:00 -->
        <windDirection deg="290.1" code="WNW" name="West-northwest" />
        <windSpeed mps="6.4" name="Moderate breeze" />
        <temperature unit="celsius" value="24" />
        <pressure unit="hPa" value="1007.3" />
      </time>
      <time from="2016-04-03T18:00:00" to="2016-04-04T00:00:00" period="3">
        <!-- Valid from 2016-04-03T18:00:00 to 2016-04-04T00:00:00 -->
        <symbol number="4" numberEx="4" name="Cloudy" var="04" />
        <precipitation value="0" />
        <!-- Valid at 2016-04-03T18:00:00 -->
        <windDirection deg="173.1" code="S" name="South" />
        <windSpeed mps="3.8" name="Gentle breeze" />
        <temperature unit="celsius" value="16" />
        <pressure unit="hPa" value="1010.1" />
      </time>
      <time from="2016-04-04T00:00:00" to="2016-04-04T06:00:00" period="0">
        <!-- Valid from 2016-04-04T00:00:00 to 2016-04-04T06:00:00 -->
        <symbol number="4" numberEx="4" name="Cloudy" var="04" />
        <precipitation value="0" />
        <!-- Valid at 2016-04-04T00:00:00 -->
        <windDirection deg="235.8" code="SW" name="Southwest" />
        <windSpeed mps="1.7" name="Light breeze" />
        <temperature unit="celsius" value="14" />
        <pressure unit="hPa" value="1016.4" />
      </time>
      <time from="2016-04-04T06:00:00" to="2016-04-04T12:00:00" period="1">
        <!-- Valid from 2016-04-04T06:00:00 to 2016-04-04T12:00:00 -->
        <symbol number="3" numberEx="3" name="Partly cloudy" var="03d" />
        <precipitation value="0" />
        <!-- Valid at 2016-04-04T06:00:00 -->
        <windDirection deg="203.8" code="SSW" name="South-southwest" />
        <windSpeed mps="0.7" name="Light air" />
        <temperature unit="celsius" value="13" />
        <pressure unit="hPa" value="1017.2" />
      </time>
      <time from="2016-04-04T12:00:00" to="2016-04-04T18:00:00" period="2">
        <!-- Valid from 2016-04-04T12:00:00 to 2016-04-04T18:00:00 -->
        <symbol number="3" numberEx="3" name="Partly cloudy" var="03d" />
        <precipitation value="0" />
        <!-- Valid at 2016-04-04T12:00:00 -->
        <windDirection deg="75.5" code="ENE" name="East-northeast" />
        <windSpeed mps="2.7" name="Light breeze" />
        <temperature unit="celsius" value="15" />
        <pressure unit="hPa" value="1018.5" />
      </time>
      <time from="2016-04-04T18:00:00" to="2016-04-05T00:00:00" period="3">
        <!-- Valid from 2016-04-04T18:00:00 to 2016-04-05T00:00:00 -->
        <symbol number="4" numberEx="4" name="Cloudy" var="04" />
        <precipitation value="0" />
        <!-- Valid at 2016-04-04T18:00:00 -->
        <windDirection deg="90.5" code="E" name="East" />
        <windSpeed mps="3.4" name="Gentle breeze" />
        <temperature unit="celsius" value="13" />
        <pressure unit="hPa" value="1018.4" />
      </time>
      <time from="2016-04-05T00:00:00" to="2016-04-05T06:00:00" period="0">
        <!-- Valid from 2016-04-05T00:00:00 to 2016-04-05T06:00:00 -->
        <symbol number="1" numberEx="1" name="Clear sky" var="mf/01n.07" />
        <precipitation value="0" />
        <!-- Valid at 2016-04-05T00:00:00 -->
        <windDirection deg="43.3" code="NE" name="Northeast" />
        <windSpeed mps="1.9" name="Light breeze" />
        <temperature unit="celsius" value="12" />
        <pressure unit="hPa" value="1020.3" />
      </time>
      <time from="2016-04-05T06:00:00" to="2016-04-05T12:00:00" period="1">
        <!-- Valid from 2016-04-05T06:00:00 to 2016-04-05T12:00:00 -->
        <symbol number="1" numberEx="1" name="Clear sky" var="01d" />
        <precipitation value="0" />
        <!-- Valid at 2016-04-05T06:00:00 -->
        <windDirection deg="344.7" code="NNW" name="North-northwest" />
        <windSpeed mps="2.1" name="Light breeze" />
        <temperature unit="celsius" value="8" />
        <pressure unit="hPa" value="1019.9" />
      </time>
      <time from="2016-04-05T12:00:00" to="2016-04-05T18:00:00" period="2">
        <!-- Valid from 2016-04-05T12:00:00 to 2016-04-05T18:00:00 -->
        <symbol number="1" numberEx="1" name="Clear sky" var="01d" />
        <precipitation value="0" />
        <!-- Valid at 2016-04-05T12:00:00 -->
        <windDirection deg="41.1" code="NE" name="Northeast" />
        <windSpeed mps="1.8" name="Light breeze" />
        <temperature unit="celsius" value="16" />
        <pressure unit="hPa" value="1021.1" />
      </time>
      <time from="2016-04-05T18:00:00" to="2016-04-06T00:00:00" period="3">
        <!-- Valid from 2016-04-05T18:00:00 to 2016-04-06T00:00:00 -->
        <symbol number="1" numberEx="1" name="Clear sky" var="mf/01n.07" />
        <precipitation value="0" />
        <!-- Valid at 2016-04-05T18:00:00 -->
        <windDirection deg="67.7" code="ENE" name="East-northeast" />
        <windSpeed mps="3.0" name="Light breeze" />
        <temperature unit="celsius" value="13" />
        <pressure unit="hPa" value="1020.3" />
      </time>
      <time from="2016-04-06T00:00:00" to="2016-04-06T06:00:00" period="0">
        <!-- Valid from 2016-04-06T00:00:00 to 2016-04-06T06:00:00 -->
        <symbol number="3" numberEx="3" name="Partly cloudy" var="mf/03n.04" />
        <precipitation value="0" />
        <!-- Valid at 2016-04-06T00:00:00 -->
        <windDirection deg="59.0" code="ENE" name="East-northeast" />
        <windSpeed mps="3.4" name="Gentle breeze" />
        <temperature unit="celsius" value="12" />
        <pressure unit="hPa" value="1020.6" />
      </time>
      <time from="2016-04-06T06:00:00" to="2016-04-06T12:00:00" period="1">
        <!-- Valid from 2016-04-06T06:00:00 to 2016-04-06T12:00:00 -->
        <symbol number="3" numberEx="3" name="Partly cloudy" var="03d" />
        <precipitation value="0" />
        <!-- Valid at 2016-04-06T06:00:00 -->
        <windDirection deg="58.5" code="ENE" name="East-northeast" />
        <windSpeed mps="2.9" name="Light breeze" />
        <temperature unit="celsius" value="11" />
        <pressure unit="hPa" value="1018.4" />
      </time>
      <time from="2016-04-06T12:00:00" to="2016-04-06T18:00:00" period="2">
        <!-- Valid from 2016-04-06T12:00:00 to 2016-04-06T18:00:00 -->
        <symbol number="2" numberEx="2" name="Fair" var="02d" />
        <precipitation value="0" />
        <!-- Valid at 2016-04-06T12:00:00 -->
        <windDirection deg="75.5" code="ENE" name="East-northeast" />
        <windSpeed mps="1.5" name="Light air" />
        <temperature unit="celsius" value="18" />
        <pressure unit="hPa" value="1018.0" />
      </time>
      <time from="2016-04-06T18:00:00" to="2016-04-07T00:00:00" period="3">
        <!-- Valid from 2016-04-06T18:00:00 to 2016-04-07T00:00:00 -->
        <symbol number="3" numberEx="3" name="Partly cloudy" var="mf/03n.04" />
        <precipitation value="0" />
        <!-- Valid at 2016-04-06T18:00:00 -->
        <windDirection deg="98.1" code="E" name="East" />
        <windSpeed mps="1.6" name="Light breeze" />
        <temperature unit="celsius" value="15" />
        <pressure unit="hPa" value="1016.0" />
      </time>
      <time from="2016-04-07T00:00:00" to="2016-04-07T06:00:00" period="0">
        <!-- Valid from 2016-04-07T00:00:00 to 2016-04-07T06:00:00 -->
        <symbol number="4" numberEx="4" name="Cloudy" var="04" />
        <precipitation value="0" />
        <!-- Valid at 2016-04-07T00:00:00 -->
        <windDirection deg="264.3" code="W" name="West" />
        <windSpeed mps="1.0" name="Light air" />
        <temperature unit="celsius" value="12" />
        <pressure unit="hPa" value="1015.0" />
      </time>
      <time from="2016-04-07T06:00:00" to="2016-04-07T12:00:00" period="1">
        <!-- Valid from 2016-04-07T06:00:00 to 2016-04-07T12:00:00 -->
        <symbol number="3" numberEx="3" name="Partly cloudy" var="03d" />
        <precipitation value="0" />
        <!-- Valid at 2016-04-07T06:00:00 -->
        <windDirection deg="45.1" code="NE" name="Northeast" />
        <windSpeed mps="1.8" name="Light breeze" />
        <temperature unit="celsius" value="9" />
        <pressure unit="hPa" value="1012.9" />
      </time>
      <time from="2016-04-07T12:00:00" to="2016-04-07T18:00:00" period="2">
        <!-- Valid from 2016-04-07T12:00:00 to 2016-04-07T18:00:00 -->
        <symbol number="3" numberEx="3" name="Partly cloudy" var="03d" />
        <precipitation value="0" />
        <!-- Valid at 2016-04-07T12:00:00 -->
        <windDirection deg="22.9" code="NNE" name="North-northeast" />
        <windSpeed mps="3.6" name="Gentle breeze" />
        <temperature unit="celsius" value="20" />
        <pressure unit="hPa" value="1011.9" />
      </time>
      <time from="2016-04-07T18:00:00" to="2016-04-08T00:00:00" period="3">
        <!-- Valid from 2016-04-07T18:00:00 to 2016-04-08T00:00:00 -->
        <symbol number="3" numberEx="3" name="Partly cloudy" var="mf/03n.00" />
        <precipitation value="0" />
        <!-- Valid at 2016-04-07T18:00:00 -->
        <windDirection deg="49.2" code="NE" name="Northeast" />
        <windSpeed mps="0.9" name="Light air" />
        <temperature unit="celsius" value="17" />
        <pressure unit="hPa" value="1010.5" />
      </time>
      <time from="2016-04-08T00:00:00" to="2016-04-08T06:00:00" period="0">
        <!-- Valid from 2016-04-08T00:00:00 to 2016-04-08T06:00:00 -->
        <symbol number="9" numberEx="9" name="Rain" var="09" />
        <precipitation value="3.2" />
        <!-- Valid at 2016-04-08T00:00:00 -->
        <windDirection deg="353.0" code="N" name="North" />
        <windSpeed mps="1.5" name="Light air" />
        <temperature unit="celsius" value="14" />
        <pressure unit="hPa" value="1010.7" />
      </time>
      <time from="2016-04-08T06:00:00" to="2016-04-08T12:00:00" period="1">
        <!-- Valid from 2016-04-08T06:00:00 to 2016-04-08T12:00:00 -->
        <symbol number="9" numberEx="9" name="Rain" var="09" />
        <precipitation value="4.6" />
        <!-- Valid at 2016-04-08T06:00:00 -->
        <windDirection deg="240.8" code="WSW" name="West-southwest" />
        <windSpeed mps="2.7" name="Light breeze" />
        <temperature unit="celsius" value="13" />
        <pressure unit="hPa" value="1010.3" />
      </time>
      <time from="2016-04-08T12:00:00" to="2016-04-08T18:00:00" period="2">
        <!-- Valid from 2016-04-08T12:00:00 to 2016-04-08T18:00:00 -->
        <symbol number="2" numberEx="2" name="Fair" var="02d" />
        <precipitation value="0" />
        <!-- Valid at 2016-04-08T12:00:00 -->
        <windDirection deg="238.2" code="WSW" name="West-southwest" />
        <windSpeed mps="6.6" name="Moderate breeze" />
        <temperature unit="celsius" value="13" />
        <pressure unit="hPa" value="1011.9" />
      </time>
      <time from="2016-04-08T18:00:00" to="2016-04-09T00:00:00" period="3">
        <!-- Valid from 2016-04-08T18:00:00 to 2016-04-09T00:00:00 -->
        <symbol number="1" numberEx="1" name="Clear sky" var="mf/01n.97" />
        <precipitation value="0" />
        <!-- Valid at 2016-04-08T18:00:00 -->
        <windDirection deg="206.3" code="SSW" name="South-southwest" />
        <windSpeed mps="2.3" name="Light breeze" />
        <temperature unit="celsius" value="12" />
        <pressure unit="hPa" value="1009.7" />
      </time>
      <time from="2016-04-09T00:00:00" to="2016-04-09T06:00:00" period="0">
        <!-- Valid from 2016-04-09T00:00:00 to 2016-04-09T06:00:00 -->
        <symbol number="3" numberEx="3" name="Partly cloudy" var="mf/03n.93" />
        <precipitation value="0" />
        <!-- Valid at 2016-04-09T00:00:00 -->
        <windDirection deg="37.7" code="NE" name="Northeast" />
        <windSpeed mps="2.5" name="Light breeze" />
        <temperature unit="celsius" value="9" />
        <pressure unit="hPa" value="1008.6" />
      </time>
      <time from="2016-04-09T06:00:00" to="2016-04-09T12:00:00" period="1">
        <!-- Valid from 2016-04-09T06:00:00 to 2016-04-09T12:00:00 -->
        <symbol number="3" numberEx="3" name="Partly cloudy" var="03d" />
        <precipitation value="0" />
        <!-- Valid at 2016-04-09T06:00:00 -->
        <windDirection deg="37.9" code="NE" name="Northeast" />
        <windSpeed mps="2.2" name="Light breeze" />
        <temperature unit="celsius" value="9" />
        <pressure unit="hPa" value="1006.1" />
      </time>
      <time from="2016-04-09T12:00:00" to="2016-04-09T18:00:00" period="2">
        <!-- Valid from 2016-04-09T12:00:00 to 2016-04-09T18:00:00 -->
        <symbol number="5" numberEx="5" name="Rain showers" var="05d" />
        <precipitation value="1.0" />
        <!-- Valid at 2016-04-09T12:00:00 -->
        <windDirection deg="77.9" code="ENE" name="East-northeast" />
        <windSpeed mps="3.5" name="Gentle breeze" />
        <temperature unit="celsius" value="17" />
        <pressure unit="hPa" value="1005.6" />
      </time>
      <time from="2016-04-09T18:00:00" to="2016-04-10T00:00:00" period="3">
        <!-- Valid from 2016-04-09T18:00:00 to 2016-04-10T00:00:00 -->
        <symbol number="9" numberEx="9" name="Rain" var="09" />
        <precipitation value="1.8" />
        <!-- Valid at 2016-04-09T18:00:00 -->
        <windDirection deg="94.8" code="E" name="East" />
        <windSpeed mps="2.6" name="Light breeze" />
        <temperature unit="celsius" value="14" />
        <pressure unit="hPa" value="1006.6" />
      </time>
      <time from="2016-04-10T00:00:00" to="2016-04-10T06:00:00" period="0">
        <!-- Valid from 2016-04-10T00:00:00 to 2016-04-10T06:00:00 -->
        <symbol number="9" numberEx="9" name="Rain" var="09" />
        <precipitation value="1.7" />
        <!-- Valid at 2016-04-10T00:00:00 -->
        <windDirection deg="195.9" code="SSW" name="South-southwest" />
        <windSpeed mps="1.5" name="Light air" />
        <temperature unit="celsius" value="13" />
        <pressure unit="hPa" value="1010.4" />
      </time>
      <time from="2016-04-10T06:00:00" to="2016-04-10T12:00:00" period="1">
        <!-- Valid from 2016-04-10T06:00:00 to 2016-04-10T12:00:00 -->
        <symbol number="9" numberEx="9" name="Rain" var="09" />
        <precipitation value="1.9" />
        <!-- Valid at 2016-04-10T06:00:00 -->
        <windDirection deg="206.8" code="SSW" name="South-southwest" />
        <windSpeed mps="3.4" name="Gentle breeze" />
        <temperature unit="celsius" value="11" />
        <pressure unit="hPa" value="1013.0" />
      </time>
      <time from="2016-04-10T12:00:00" to="2016-04-10T18:00:00" period="2">
        <!-- Valid from 2016-04-10T12:00:00 to 2016-04-10T18:00:00 -->
        <symbol number="1" numberEx="1" name="Clear sky" var="01d" />
        <precipitation value="0" />
        <!-- Valid at 2016-04-10T12:00:00 -->
        <windDirection deg="207.4" code="SSW" name="South-southwest" />
        <windSpeed mps="4.9" name="Gentle breeze" />
        <temperature unit="celsius" value="12" />
        <pressure unit="hPa" value="1015.4" />
      </time>
      <time from="2016-04-10T18:00:00" to="2016-04-11T00:00:00" period="3">
        <!-- Valid from 2016-04-10T18:00:00 to 2016-04-11T00:00:00 -->
        <symbol number="1" numberEx="1" name="Clear sky" var="mf/01n.90" />
        <precipitation value="0" />
        <!-- Valid at 2016-04-10T18:00:00 -->
        <windDirection deg="41.6" code="NE" name="Northeast" />
        <windSpeed mps="0.8" name="Light air" />
        <temperature unit="celsius" value="11" />
        <pressure unit="hPa" value="1012.7" />
      </time>
    </tabular>
  </forecast>
</weatherdata>