<?xml version="1.0" encoding="utf-8"?>
<weatherdata>
  <location>
    <name>Melbourne</name>
    <type>Regional capital</type>
    <country>Australia</country>
    <timezone id="Australia/Melbourne" utcoffsetMinutes="660" />
    <location altitude="25" latitude="-37.814" longitude="144.96332" geobase="geonames" geobaseid="2158177" />
  </location>
  <credit>
    <!--In order to use the free weather data from yr no, you HAVE to display 
the following text clearly visible on your web page. The text should be a 
link to the specified URL.-->
    <!--Please read more about our conditions and guidelines at http://om.yr.no/verdata/  English explanation at http://om.yr.no/verdata/free-weather-data/-->
    <link text="Weather forecast from yr.no, delivered by the Norwegian Meteorological Institute and the NRK" url="http://www.yr.no/place/Australia/Victoria/Melbourne/" />
  </credit>
  <links>
    <link id="xmlSource" url="http://www.yr.no/place/Australia/Victoria/Melbourne/forecast.xml" />
    <link id="xmlSourceHourByHour" url="http://www.yr.no/place/Australia/Victoria/Melbourne/forecast_hour_by_hour.xml" />
    <link id="overview" url="http://www.yr.no/place/Australia/Victoria/Melbourne/" />
    <link id="hourByHour" url="http://www.yr.no/place/Australia/Victoria/Melbourne/hour_by_hour" />
    <link id="longTermForecast" url="http://www.yr.no/place/Australia/Victoria/Melbourne/long" />
  </links>
  <meta>
    <lastupdate>2016-04-01T06:43:00</lastupdate>
    <nextupdate>2016-04-01T19:00:00</nextupdate>
  </meta>
  <sun rise="2016-04-01T07:34:05" set="2016-04-01T19:13:19" />
  <forecast>
    <tabular>
      <time from="2016-04-01T14:00:00" to="2016-04-01T17:00:00" period="2">
        <!-- Valid from 2016-04-01T14:00:00 to 2016-04-01T17:00:00 -->
        <symbol number="3" numberEx="3" name="Partly cloudy" var="03d" />
        <precipitation value="0" />
        <!-- Valid at 2016-04-01T14:00:00 -->
        <windDirection deg="344.2" code="NNW" name="North-northwest" />
        <windSpeed mps="7.4" name="Moderate breeze" />
        <temperature unit="celsius" value="25" />
        <pressure unit="hPa" value="1012.1" />
      </time>
      <time from="2016-04-01T17:00:00" to="2016-04-01T23:00:00" period="3">
        <!-- Valid from 2016-04-01T17:00:00 to 2016-04-01T23:00:00 -->
        <symbol number="3" numberEx="3" name="Partly cloudy" var="mf/03n.21" />
        <precipitation value="0" />
        <!-- Valid at 2016-04-01T17:00:00 -->
        <windDirection deg="345.7" code="NNW" name="North-northwest" />
        <windSpeed mps="7.1" name="Moderate breeze" />
        <temperature unit="celsius" value="26" />
        <pressure unit="hPa" value="1009.7" />
      </time>
      <time from="2016-04-01T23:00:00" to="2016-04-02T05:00:00" period="0">
        <!-- Valid from 2016-04-01T23:00:00 to 2016-04-02T05:00:00 -->
        <symbol number="2" numberEx="2" name="Fair" var="mf/02n.17" />
        <precipitation value="0" />
        <!-- Valid at 2016-04-01T23:00:00 -->
        <windDirection deg="341.9" code="NNW" name="North-northwest" />
        <windSpeed mps="5.7" name="Moderate breeze" />
        <temperature unit="celsius" value="21" />
        <pressure unit="hPa" value="1011.9" />
      </time>
      <time from="2016-04-02T05:00:00" to="2016-04-02T11:00:00" period="1">
        <!-- Valid from 2016-04-02T05:00:00 to 2016-04-02T11:00:00 -->
        <symbol number="5" numberEx="5" name="Rain showers" var="05d" />
        <precipitation value="1.6" />
        <!-- Valid at 2016-04-02T05:00:00 -->
        <windDirection deg="323.9" code="NW" name="Northwest" />
        <windSpeed mps="3.5" name="Gentle breeze" />
        <temperature unit="celsius" value="17" />
        <pressure unit="hPa" value="1012.1" />
      </time>
      <time from="2016-04-02T11:00:00" to="2016-04-02T17:00:00" period="2">
        <!-- Valid from 2016-04-02T11:00:00 to 2016-04-02T17:00:00 -->
        <symbol number="4" numberEx="4" name="Cloudy" var="04" />
        <precipitation value="0" />
        <!-- Valid at 2016-04-02T11:00:00 -->
        <windDirection deg="232.4" code="SW" name="Southwest" />
        <windSpeed mps="5.6" name="Moderate breeze" />
        <temperature unit="celsius" value="18" />
        <pressure unit="hPa" value="1019.6" />
      </time>
      <time from="2016-04-02T17:00:00" to="2016-04-02T23:00:00" period="3">
        <!-- Valid from 2016-04-02T17:00:00 to 2016-04-02T23:00:00 -->
        <symbol number="3" numberEx="3" name="Partly cloudy" var="mf/03n.17" />
        <precipitation value="0" />
        <!-- Valid at 2016-04-02T17:00:00 -->
        <windDirection deg="189.3" code="S" name="South" />
        <windSpeed mps="6.3" name="Moderate breeze" />
        <temperature unit="celsius" value="18" />
        <pressure unit="hPa" value="1021.1" />
      </time>
      <time from="2016-04-02T23:00:00" to="2016-04-03T05:00:00" period="0">
        <!-- Valid from 2016-04-02T23:00:00 to 2016-04-03T05:00:00 -->
        <symbol number="3" numberEx="3" name="Partly cloudy" var="mf/03n.14" />
        <precipitation value="0" />
        <!-- Valid at 2016-04-02T23:00:00 -->
        <windDirection deg="202.2" code="SSW" name="South-southwest" />
        <windSpeed mps="2.2" name="Light breeze" />
        <temperature unit="celsius" value="14" />
        <pressure unit="hPa" value="1024.7" />
      </time>
      <time from="2016-04-03T08:00:00" to="2016-04-03T13:00:00" period="1">
        <!-- Valid from 2016-04-03T08:00:00 to 2016-04-03T13:00:00 -->
        <symbol number="4" numberEx="4" name="Cloudy" var="04" />
        <precipitation value="0" />
        <!-- Valid at 2016-04-03T08:00:00 -->
        <windDirection deg="281.0" code="W" name="West" />
        <windSpeed mps="1.5" name="Light air" />
        <temperature unit="celsius" value="12" />
        <pressure unit="hPa" value="1025.0" />
      </time>
      <time from="2016-04-03T13:00:00" to="2016-04-03T19:00:00" period="2">
        <!-- Valid from 2016-04-03T13:00:00 to 2016-04-03T19:00:00 -->
        <symbol number="3" numberEx="3" name="Partly cloudy" var="03d" />
        <precipitation value="0" />
        <!-- Valid at 2016-04-03T13:00:00 -->
        <windDirection deg="202.2" code="SSW" name="South-southwest" />
        <windSpeed mps="3.7" name="Gentle breeze" />
        <temperature unit="celsius" value="18" />
        <pressure unit="hPa" value="1024.9" />
      </time>
      <time from="2016-04-03T16:00:00" to="2016-04-03T22:00:00" period="3">
        <!-- Valid from 2016-04-03T16:00:00 to 2016-04-03T22:00:00 -->
        <symbol number="3" numberEx="3" name="Partly cloudy" var="mf/03n.14" />
        <precipitation value="0" />
        <!-- Valid at 2016-04-03T16:00:00 -->
        <windDirection deg="185.5" code="S" name="South" />
        <windSpeed mps="5.0" name="Gentle breeze" />
        <temperature unit="celsius" value="18" />
        <pressure unit="hPa" value="1023.6" />
      </time>
      <time from="2016-04-03T22:00:00" to="2016-04-04T04:00:00" period="0">
        <!-- Valid from 2016-04-03T22:00:00 to 2016-04-04T04:00:00 -->
        <symbol number="3" numberEx="3" name="Partly cloudy" var="mf/03n.10" />
        <precipitation value="0" />
        <!-- Valid at 2016-04-03T22:00:00 -->
        <windDirection deg="128.7" code="SE" name="Southeast" />
        <windSpeed mps="2.4" name="Light breeze" />
        <temperature unit="celsius" value="13" />
        <pressure unit="hPa" value="1024.7" />
      </time>
      <time from="2016-04-04T04:00:00" to="2016-04-04T10:00:00" period="1">
        <!-- Valid from 2016-04-04T04:00:00 to 2016-04-04T10:00:00 -->
        <symbol number="1" numberEx="1" name="Clear sky" var="01d" />
        <precipitation value="0" />
        <!-- Valid at 2016-04-04T04:00:00 -->
        <windDirection deg="128.1" code="SE" name="Southeast" />
        <windSpeed mps="1.8" name="Light breeze" />
        <temperature unit="celsius" value="11" />
        <pressure unit="hPa" value="1021.4" />
      </time>
      <time from="2016-04-04T10:00:00" to="2016-04-04T16:00:00" period="2">
        <!-- Valid from 2016-04-04T10:00:00 to 2016-04-04T16:00:00 -->
        <symbol number="1" numberEx="1" name="Clear sky" var="01d" />
        <precipitation value="0" />
        <!-- Valid at 2016-04-04T10:00:00 -->
        <windDirection deg="146.4" code="SSE" name="South-southeast" />
        <windSpeed mps="1.6" name="Light breeze" />
        <temperature unit="celsius" value="17" />
        <pressure unit="hPa" value="1020.9" />
      </time>
      <time from="2016-04-04T16:00:00" to="2016-04-04T22:00:00" period="3">
        <!-- Valid from 2016-04-04T16:00:00 to 2016-04-04T22:00:00 -->
        <symbol number="3" numberEx="3" name="Partly cloudy" var="mf/03n.10" />
        <precipitation value="0" />
        <!-- Valid at 2016-04-04T16:00:00 -->
        <windDirection deg="176.2" code="S" name="South" />
        <windSpeed mps="2.9" name="Light breeze" />
        <temperature unit="celsius" value="19" />
        <pressure unit="hPa" value="1016.2" />
      </time>
      <time from="2016-04-04T22:00:00" to="2016-04-05T04:00:00" period="0">
        <!-- Valid from 2016-04-04T22:00:00 to 2016-04-05T04:00:00 -->
        <symbol number="3" numberEx="3" name="Partly cloudy" var="mf/03n.07" />
        <precipitation value="0" />
        <!-- Valid at 2016-04-04T22:00:00 -->
        <windDirection deg="33.0" code="NNE" name="North-northeast" />
        <windSpeed mps="2.0" name="Light breeze" />
        <temperature unit="celsius" value="13" />
        <pressure unit="hPa" value="1014.8" />
      </time>
      <time from="2016-04-05T04:00:00" to="2016-04-05T10:00:00" period="1">
        <!-- Valid from 2016-04-05T04:00:00 to 2016-04-05T10:00:00 -->
        <symbol number="2" numberEx="2" name="Fair" var="02d" />
        <precipitation value="0" />
        <!-- Valid at 2016-04-05T04:00:00 -->
        <windDirection deg="5.9" code="N" name="North" />
        <windSpeed mps="5.1" name="Gentle breeze" />
        <temperature unit="celsius" value="15" />
        <pressure unit="hPa" value="1010.5" />
      </time>
      <time from="2016-04-05T10:00:00" to="2016-04-05T16:00:00" period="2">
        <!-- Valid from 2016-04-05T10:00:00 to 2016-04-05T16:00:00 -->
        <symbol number="4" numberEx="4" name="Cloudy" var="04" />
        <precipitation value="0" />
        <!-- Valid at 2016-04-05T10:00:00 -->
        <windDirection deg="352.4" code="N" name="North" />
        <windSpeed mps="7.5" name="Moderate breeze" />
        <temperature unit="celsius" value="22" />
        <pressure unit="hPa" value="1010.9" />
      </time>
      <time from="2016-04-05T16:00:00" to="2016-04-05T22:00:00" period="3">
        <!-- Valid from 2016-04-05T16:00:00 to 2016-04-05T22:00:00 -->
        <symbol number="4" numberEx="4" name="Cloudy" var="04" />
        <precipitation value="0" />
        <!-- Valid at 2016-04-05T16:00:00 -->
        <windDirection deg="228.0" code="SW" name="Southwest" />
        <windSpeed mps="5.7" name="Moderate breeze" />
        <temperature unit="celsius" value="20" />
        <pressure unit="hPa" value="1010.5" />
      </time>
      <time from="2016-04-05T22:00:00" to="2016-04-06T04:00:00" period="0">
        <!-- Valid from 2016-04-05T22:00:00 to 2016-04-06T04:00:00 -->
        <symbol number="5" numberEx="5" name="Rain showers" var="mf/05n.04" />
        <precipitation value="2.5" />
        <!-- Valid at 2016-04-05T22:00:00 -->
        <windDirection deg="185.3" code="S" name="South" />
        <windSpeed mps="3.1" name="Light breeze" />
        <temperature unit="celsius" value="16" />
        <pressure unit="hPa" value="1014.0" />
      </time>
      <time from="2016-04-06T04:00:00" to="2016-04-06T10:00:00" period="1">
        <!-- Valid from 2016-04-06T04:00:00 to 2016-04-06T10:00:00 -->
        <symbol number="2" numberEx="2" name="Fair" var="02d" />
        <precipitation value="0" />
        <!-- Valid at 2016-04-06T04:00:00 -->
        <windDirection deg="252.4" code="WSW" name="West-southwest" />
        <windSpeed mps="4.8" name="Gentle breeze" />
        <temperature unit="celsius" value="13" />
        <pressure unit="hPa" value="1014.4" />
      </time>
      <time from="2016-04-06T10:00:00" to="2016-04-06T16:00:00" period="2">
        <!-- Valid from 2016-04-06T10:00:00 to 2016-04-06T16:00:00 -->
        <symbol number="4" numberEx="4" name="Cloudy" var="04" />
        <precipitation value="0" />
        <!-- Valid at 2016-04-06T10:00:00 -->
        <windDirection deg="255.0" code="WSW" name="West-southwest" />
        <windSpeed mps="6.3" name="Moderate breeze" />
        <temperature unit="celsius" value="16" />
        <pressure unit="hPa" value="1018.1" />
      </time>
      <time from="2016-04-06T16:00:00" to="2016-04-06T22:00:00" period="3">
        <!-- Valid from 2016-04-06T16:00:00 to 2016-04-06T22:00:00 -->
        <symbol number="2" numberEx="2" name="Fair" var="mf/02n.04" />
        <precipitation value="0" />
        <!-- Valid at 2016-04-06T16:00:00 -->
        <windDirection deg="227.6" code="SW" name="Southwest" />
        <windSpeed mps="7.5" name="Moderate breeze" />
        <temperature unit="celsius" value="17" />
        <pressure unit="hPa" value="1018.6" />
      </time>
      <time from="2016-04-06T22:00:00" to="2016-04-07T04:00:00" period="0">
        <!-- Valid from 2016-04-06T22:00:00 to 2016-04-07T04:00:00 -->
        <symbol number="2" numberEx="2" name="Fair" var="mf/02n.00" />
        <precipitation value="0" />
        <!-- Valid at 2016-04-06T22:00:00 -->
        <windDirection deg="262.7" code="W" name="West" />
        <windSpeed mps="4.4" name="Gentle breeze" />
        <temperature unit="celsius" value="13" />
        <pressure unit="hPa" value="1022.4" />
      </time>
      <time from="2016-04-07T04:00:00" to="2016-04-07T10:00:00" period="1">
        <!-- Valid from 2016-04-07T04:00:00 to 2016-04-07T10:00:00 -->
        <symbol number="2" numberEx="2" name="Fair" var="02d" />
        <precipitation value="0" />
        <!-- Valid at 2016-04-07T04:00:00 -->
        <windDirection deg="287.3" code="WNW" name="West-northwest" />
        <windSpeed mps="2.9" name="Light breeze" />
        <temperature unit="celsius" value="10" />
        <pressure unit="hPa" value="1022.7" />
      </time>
      <time from="2016-04-07T10:00:00" to="2016-04-07T16:00:00" period="2">
        <!-- Valid from 2016-04-07T10:00:00 to 2016-04-07T16:00:00 -->
        <symbol number="2" numberEx="2" name="Fair" var="02d" />
        <precipitation value="0" />
        <!-- Valid at 2016-04-07T10:00:00 -->
        <windDirection deg="271.8" code="W" name="West" />
        <windSpeed mps="2.1" name="Light breeze" />
        <temperature unit="celsius" value="16" />
        <pressure unit="hPa" value="1025.7" />
      </time>
      <time from="2016-04-07T16:00:00" to="2016-04-07T22:00:00" period="3">
        <!-- Valid from 2016-04-07T16:00:00 to 2016-04-07T22:00:00 -->
        <symbol number="4" numberEx="4" name="Cloudy" var="04" />
        <precipitation value="0" />
        <!-- Valid at 2016-04-07T16:00:00 -->
        <windDirection deg="183.1" code="S" name="South" />
        <windSpeed mps="3.7" name="Gentle breeze" />
        <temperature unit="celsius" value="19" />
        <pressure unit="hPa" value="1023.8" />
      </time>
      <time from="2016-04-07T22:00:00" to="2016-04-08T04:00:00" period="0">
        <!-- Valid from 2016-04-07T22:00:00 to 2016-04-08T04:00:00 -->
        <symbol number="4" numberEx="4" name="Cloudy" var="04" />
        <precipitation value="0" />
        <!-- Valid at 2016-04-07T22:00:00 -->
        <windDirection deg="190.0" code="S" name="South" />
        <windSpeed mps="1.8" name="Light breeze" />
        <temperature unit="celsius" value="15" />
        <pressure unit="hPa" value="1025.4" />
      </time>
      <time from="2016-04-08T04:00:00" to="2016-04-08T10:00:00" period="1">
        <!-- Valid from 2016-04-08T04:00:00 to 2016-04-08T10:00:00 -->
        <symbol number="4" numberEx="4" name="Cloudy" var="04" />
        <precipitation value="0" />
        <!-- Valid at 2016-04-08T04:00:00 -->
        <windDirection deg="279.5" code="W" name="West" />
        <windSpeed mps="1.7" name="Light breeze" />
        <temperature unit="celsius" value="12" />
        <pressure unit="hPa" value="1024.2" />
      </time>
      <time from="2016-04-08T10:00:00" to="2016-04-08T16:00:00" period="2">
        <!-- Valid from 2016-04-08T10:00:00 to 2016-04-08T16:00:00 -->
        <symbol number="3" numberEx="3" name="Partly cloudy" var="03d" />
        <precipitation value="0" />
        <!-- Valid at 2016-04-08T10:00:00 -->
        <windDirection deg="268.4" code="W" name="West" />
        <windSpeed mps="2.3" name="Light breeze" />
        <temperature unit="celsius" value="16" />
        <pressure unit="hPa" value="1026.0" />
      </time>
      <time from="2016-04-08T16:00:00" to="2016-04-08T22:00:00" period="3">
        <!-- Valid from 2016-04-08T16:00:00 to 2016-04-08T22:00:00 -->
        <symbol number="2" numberEx="2" name="Fair" var="mf/02n.97" />
        <precipitation value="0" />
        <!-- Valid at 2016-04-08T16:00:00 -->
        <windDirection deg="186.9" code="S" name="South" />
        <windSpeed mps="4.8" name="Gentle breeze" />
        <temperature unit="celsius" value="17" />
        <pressure unit="hPa" value="1024.5" />
      </time>
      <time from="2016-04-08T22:00:00" to="2016-04-09T04:00:00" period="0">
        <!-- Valid from 2016-04-08T22:00:00 to 2016-04-09T04:00:00 -->
        <symbol number="1" numberEx="1" name="Clear sky" var="mf/01n.93" />
        <precipitation value="0" />
        <!-- Valid at 2016-04-08T22:00:00 -->
        <windDirection deg="128.3" code="SE" name="Southeast" />
        <windSpeed mps="2.4" name="Light breeze" />
        <temperature unit="celsius" value="14" />
        <pressure unit="hPa" value="1026.1" />
      </time>
      <time from="2016-04-09T04:00:00" to="2016-04-09T10:00:00" period="1">
        <!-- Valid from 2016-04-09T04:00:00 to 2016-04-09T10:00:00 -->
        <symbol number="3" numberEx="3" name="Partly cloudy" var="03d" />
        <precipitation value="0" />
        <!-- Valid at 2016-04-09T04:00:00 -->
        <windDirection deg="131.1" code="SE" name="Southeast" />
        <windSpeed mps="2.0" name="Light breeze" />
        <temperature unit="celsius" value="11" />
        <pressure unit="hPa" value="1024.1" />
      </time>
      <time from="2016-04-09T10:00:00" to="2016-04-09T16:00:00" period="2">
        <!-- Valid from 2016-04-09T10:00:00 to 2016-04-09T16:00:00 -->
        <symbol number="3" numberEx="3" name="Partly cloudy" var="03d" />
        <precipitation value="0" />
        <!-- Valid at 2016-04-09T10:00:00 -->
        <windDirection deg="146.3" code="SSE" name="South-southeast" />
        <windSpeed mps="1.5" name="Light air" />
        <temperature unit="celsius" value="16" />
        <pressure unit="hPa" value="1025.7" />
      </time>
      <time from="2016-04-09T16:00:00" to="2016-04-09T22:00:00" period="3">
        <!-- Valid from 2016-04-09T16:00:00 to 2016-04-09T22:00:00 -->
        <symbol number="3" numberEx="3" name="Partly cloudy" var="mf/03n.93" />
        <precipitation value="0" />
        <!-- Valid at 2016-04-09T16:00:00 -->
        <windDirection deg="190.0" code="S" name="South" />
        <windSpeed mps="4.1" name="Gentle breeze" />
        <temperature unit="celsius" value="19" />
        <pressure unit="hPa" value="1022.2" />
      </time>
      <time from="2016-04-09T22:00:00" to="2016-04-10T04:00:00" period="0">
        <!-- Valid from 2016-04-09T22:00:00 to 2016-04-10T04:00:00 -->
        <symbol number="3" numberEx="3" name="Partly cloudy" var="mf/03n.90" />
        <precipitation value="0" />
        <!-- Valid at 2016-04-09T22:00:00 -->
        <windDirection deg="143.1" code="SE" name="Southeast" />
        <windSpeed mps="2.1" name="Light breeze" />
        <temperature unit="celsius" value="13" />
        <pressure unit="hPa" value="1024.3" />
      </time>
      <time from="2016-04-10T04:00:00" to="2016-04-10T10:00:00" period="1">
        <!-- Valid from 2016-04-10T04:00:00 to 2016-04-10T10:00:00 -->
        <symbol number="2" numberEx="2" name="Fair" var="02d" />
        <precipitation value="0" />
        <!-- Valid at 2016-04-10T04:00:00 -->
        <windDirection deg="10.9" code="N" name="North" />
        <windSpeed mps="1.3" name="Light air" />
        <temperature unit="celsius" value="11" />
        <pressure unit="hPa" value="1023.5" />
      </time>
      <time from="2016-04-10T10:00:00" to="2016-04-10T16:00:00" period="2">
        <!-- Valid from 2016-04-10T10:00:00 to 2016-04-10T16:00:00 -->
        <symbol number="2" numberEx="2" name="Fair" var="02d" />
        <precipitation value="0" />
        <!-- Valid at 2016-04-10T10:00:00 -->
        <windDirection deg="263.9" code="W" name="West" />
        <windSpeed mps="0.3" name="Light air" />
        <temperature unit="celsius" value="17" />
        <pressure unit="hPa" value="1025.4" />
      </time>
      <time from="2016-04-10T16:00:00" to="2016-04-10T22:00:00" period="3">
        <!-- Valid from 2016-04-10T16:00:00 to 2016-04-10T22:00:00 -->
        <symbol number="3" numberEx="3" name="Partly cloudy" var="mf/03n.90" />
        <precipitation value="0" />
        <!-- Valid at 2016-04-10T16:00:00 -->
        <windDirection deg="200.3" code="SSW" name="South-southwest" />
        <windSpeed mps="4.5" name="Gentle breeze" />
        <temperature unit="celsius" value="19" />
        <pressure unit="hPa" value="1022.8" />
      </time>
    </tabular>
  </forecast>
</weatherdata>