<?xml version="1.0" encoding="utf-8"?>
<weatherdata>
  <location>
    <name>Sydney</name>
    <type>Regional capital</type>
    <country>Australia</country>
    <timezone id="Australia/Sydney" utcoffsetMinutes="660" />
    <location altitude="58" latitude="-33.86785" longitude="151.20732" geobase="geonames" geobaseid="2147714" />
  </location>
  <credit>
    <!--In order to use the free weather data from yr no, you HAVE to display 
the following text clearly visible on your web page. The text should be a 
link to the specified URL.-->
    <!--Please read more about our conditions and guidelines at http://om.yr.no/verdata/  English explanation at http://om.yr.no/verdata/free-weather-data/-->
    <link text="Weather forecast from yr.no, delivered by the Norwegian Meteorological Institute and the NRK" url="http://www.yr.no/place/Australia/New_South_Wales/Sydney/" />
  </credit>
  <links>
    <link id="xmlSource" url="http://www.yr.no/place/Australia/New_South_Wales/Sydney/forecast.xml" />
    <link id="xmlSourceHourByHour" url="http://www.yr.no/place/Australia/New_South_Wales/Sydney/forecast_hour_by_hour.xml" />
    <link id="overview" url="http://www.yr.no/place/Australia/New_South_Wales/Sydney/" />
    <link id="hourByHour" url="http://www.yr.no/place/Australia/New_South_Wales/Sydney/hour_by_hour" />
    <link id="longTermForecast" url="http://www.yr.no/place/Australia/New_South_Wales/Sydney/long" />
  </links>
  <meta>
    <lastupdate>2016-04-01T06:43:00</lastupdate>
    <nextupdate>2016-04-01T19:00:00</nextupdate>
  </meta>
  <sun rise="2016-04-01T07:07:23" set="2016-04-01T18:50:10" />
  <forecast>
    <tabular>
      <time from="2016-04-01T14:00:00" to="2016-04-01T17:00:00" period="2">
        <!-- Valid from 2016-04-01T14:00:00 to 2016-04-01T17:00:00 -->
        <symbol number="1" numberEx="1" name="Clear sky" var="01d" />
        <precipitation value="0" />
        <!-- Valid at 2016-04-01T14:00:00 -->
        <windDirection deg="35.3" code="NE" name="Northeast" />
        <windSpeed mps="4.8" name="Gentle breeze" />
        <temperature unit="celsius" value="25" />
        <pressure unit="hPa" value="1015.8" />
      </time>
      <time from="2016-04-01T17:00:00" to="2016-04-01T23:00:00" period="3">
        <!-- Valid from 2016-04-01T17:00:00 to 2016-04-01T23:00:00 -->
        <symbol number="3" numberEx="3" name="Partly cloudy" var="mf/03n.21" />
        <precipitation value="0" />
        <!-- Valid at 2016-04-01T17:00:00 -->
        <windDirection deg="43.0" code="NE" name="Northeast" />
        <windSpeed mps="6.5" name="Moderate breeze" />
        <temperature unit="celsius" value="24" />
        <pressure unit="hPa" value="1014.1" />
      </time>
      <time from="2016-04-01T23:00:00" to="2016-04-02T05:00:00" period="0">
        <!-- Valid from 2016-04-01T23:00:00 to 2016-04-02T05:00:00 -->
        <symbol number="3" numberEx="3" name="Partly cloudy" var="mf/03n.17" />
        <precipitation value="0" />
        <!-- Valid at 2016-04-01T23:00:00 -->
        <windDirection deg="359.0" code="N" name="North" />
        <windSpeed mps="5.0" name="Gentle breeze" />
        <temperature unit="celsius" value="21" />
        <pressure unit="hPa" value="1015.6" />
      </time>
      <time from="2016-04-02T05:00:00" to="2016-04-02T11:00:00" period="1">
        <!-- Valid from 2016-04-02T05:00:00 to 2016-04-02T11:00:00 -->
        <symbol number="3" numberEx="3" name="Partly cloudy" var="03d" />
        <precipitation value="0" />
        <!-- Valid at 2016-04-02T05:00:00 -->
        <windDirection deg="305.3" code="NW" name="Northwest" />
        <windSpeed mps="3.0" name="Light breeze" />
        <temperature unit="celsius" value="18" />
        <pressure unit="hPa" value="1013.9" />
      </time>
      <time from="2016-04-02T11:00:00" to="2016-04-02T17:00:00" period="2">
        <!-- Valid from 2016-04-02T11:00:00 to 2016-04-02T17:00:00 -->
        <symbol number="1" numberEx="1" name="Clear sky" var="01d" />
        <precipitation value="0" />
        <!-- Valid at 2016-04-02T11:00:00 -->
        <windDirection deg="272.4" code="W" name="West" />
        <windSpeed mps="3.7" name="Gentle breeze" />
        <temperature unit="celsius" value="24" />
        <pressure unit="hPa" value="1017.1" />
      </time>
      <time from="2016-04-02T17:00:00" to="2016-04-02T23:00:00" period="3">
        <!-- Valid from 2016-04-02T17:00:00 to 2016-04-02T23:00:00 -->
        <symbol number="1" numberEx="1" name="Clear sky" var="mf/01n.17" />
        <precipitation value="0" />
        <!-- Valid at 2016-04-02T17:00:00 -->
        <windDirection deg="258.0" code="WSW" name="West-southwest" />
        <windSpeed mps="1.2" name="Light air" />
        <temperature unit="celsius" value="27" />
        <pressure unit="hPa" value="1015.2" />
      </time>
      <time from="2016-04-02T23:00:00" to="2016-04-03T05:00:00" period="0">
        <!-- Valid from 2016-04-02T23:00:00 to 2016-04-03T05:00:00 -->
        <symbol number="5" numberEx="40" name="Light rain showers" var="mf/40n.14" />
        <precipitation value="0.5" />
        <!-- Valid at 2016-04-02T23:00:00 -->
        <windDirection deg="173.3" code="S" name="South" />
        <windSpeed mps="5.6" name="Moderate breeze" />
        <temperature unit="celsius" value="22" />
        <pressure unit="hPa" value="1020.5" />
      </time>
      <time from="2016-04-03T08:00:00" to="2016-04-03T13:00:00" period="1">
        <!-- Valid from 2016-04-03T08:00:00 to 2016-04-03T13:00:00 -->
        <symbol number="5" numberEx="5" name="Rain showers" var="05d" />
        <precipitation value="1.4" />
        <!-- Valid at 2016-04-03T08:00:00 -->
        <windDirection deg="138.8" code="SE" name="Southeast" />
        <windSpeed mps="4.3" name="Gentle breeze" />
        <temperature unit="celsius" value="20" />
        <pressure unit="hPa" value="1023.5" />
      </time>
      <time from="2016-04-03T13:00:00" to="2016-04-03T19:00:00" period="2">
        <!-- Valid from 2016-04-03T13:00:00 to 2016-04-03T19:00:00 -->
        <symbol number="3" numberEx="3" name="Partly cloudy" var="03d" />
        <precipitation value="0" />
        <!-- Valid at 2016-04-03T13:00:00 -->
        <windDirection deg="87.8" code="E" name="East" />
        <windSpeed mps="3.6" name="Gentle breeze" />
        <temperature unit="celsius" value="22" />
        <pressure unit="hPa" value="1022.7" />
      </time>
      <time from="2016-04-03T16:00:00" to="2016-04-03T22:00:00" period="3">
        <!-- Valid from 2016-04-03T16:00:00 to 2016-04-03T22:00:00 -->
        <symbol number="3" numberEx="3" name="Partly cloudy" var="mf/03n.14" />
        <precipitation value="0" />
        <!-- Valid at 2016-04-03T16:00:00 -->
        <windDirection deg="74.9" code="ENE" name="East-northeast" />
        <windSpeed mps="3.4" name="Gentle breeze" />
        <temperature unit="celsius" value="22" />
        <pressure unit="hPa" value="1021.6" />
      </time>
      <time from="2016-04-03T22:00:00" to="2016-04-04T04:00:00" period="0">
        <!-- Valid from 2016-04-03T22:00:00 to 2016-04-04T04:00:00 -->
        <symbol number="9" numberEx="9" name="Rain" var="09" />
        <precipitation value="1.9" />
        <!-- Valid at 2016-04-03T22:00:00 -->
        <windDirection deg="49.9" code="NE" name="Northeast" />
        <windSpeed mps="4.3" name="Gentle breeze" />
        <temperature unit="celsius" value="20" />
        <pressure unit="hPa" value="1023.0" />
      </time>
      <time from="2016-04-04T04:00:00" to="2016-04-04T10:00:00" period="1">
        <!-- Valid from 2016-04-04T04:00:00 to 2016-04-04T10:00:00 -->
        <symbol number="9" numberEx="9" name="Rain" var="09" />
        <precipitation value="1.2" />
        <!-- Valid at 2016-04-04T04:00:00 -->
        <windDirection deg="19.9" code="NNE" name="North-northeast" />
        <windSpeed mps="1.8" name="Light breeze" />
        <temperature unit="celsius" value="18" />
        <pressure unit="hPa" value="1020.4" />
      </time>
      <time from="2016-04-04T10:00:00" to="2016-04-04T16:00:00" period="2">
        <!-- Valid from 2016-04-04T10:00:00 to 2016-04-04T16:00:00 -->
        <symbol number="5" numberEx="40" name="Light rain showers" var="40d" />
        <precipitation value="0.5" />
        <!-- Valid at 2016-04-04T10:00:00 -->
        <windDirection deg="39.5" code="NE" name="Northeast" />
        <windSpeed mps="3.1" name="Light breeze" />
        <temperature unit="celsius" value="21" />
        <pressure unit="hPa" value="1021.0" />
      </time>
      <time from="2016-04-04T16:00:00" to="2016-04-04T22:00:00" period="3">
        <!-- Valid from 2016-04-04T16:00:00 to 2016-04-04T22:00:00 -->
        <symbol number="2" numberEx="2" name="Fair" var="mf/02n.10" />
        <precipitation value="0" />
        <!-- Valid at 2016-04-04T16:00:00 -->
        <windDirection deg="45.4" code="NE" name="Northeast" />
        <windSpeed mps="6.6" name="Moderate breeze" />
        <temperature unit="celsius" value="22" />
        <pressure unit="hPa" value="1017.0" />
      </time>
      <time from="2016-04-04T22:00:00" to="2016-04-05T04:00:00" period="0">
        <!-- Valid from 2016-04-04T22:00:00 to 2016-04-05T04:00:00 -->
        <symbol number="1" numberEx="1" name="Clear sky" var="mf/01n.07" />
        <precipitation value="0" />
        <!-- Valid at 2016-04-04T22:00:00 -->
        <windDirection deg="7.5" code="N" name="North" />
        <windSpeed mps="6.1" name="Moderate breeze" />
        <temperature unit="celsius" value="21" />
        <pressure unit="hPa" value="1018.0" />
      </time>
      <time from="2016-04-05T04:00:00" to="2016-04-05T10:00:00" period="1">
        <!-- Valid from 2016-04-05T04:00:00 to 2016-04-05T10:00:00 -->
        <symbol number="1" numberEx="1" name="Clear sky" var="01d" />
        <precipitation value="0" />
        <!-- Valid at 2016-04-05T04:00:00 -->
        <windDirection deg="347.6" code="NNW" name="North-northwest" />
        <windSpeed mps="2.9" name="Light breeze" />
        <temperature unit="celsius" value="18" />
        <pressure unit="hPa" value="1015.3" />
      </time>
      <time from="2016-04-05T10:00:00" to="2016-04-05T16:00:00" period="2">
        <!-- Valid from 2016-04-05T10:00:00 to 2016-04-05T16:00:00 -->
        <symbol number="1" numberEx="1" name="Clear sky" var="01d" />
        <precipitation value="0" />
        <!-- Valid at 2016-04-05T10:00:00 -->
        <windDirection deg="11.7" code="NNE" name="North-northeast" />
        <windSpeed mps="3.9" name="Gentle breeze" />
        <temperature unit="celsius" value="24" />
        <pressure unit="hPa" value="1015.1" />
      </time>
      <time from="2016-04-05T16:00:00" to="2016-04-05T22:00:00" period="3">
        <!-- Valid from 2016-04-05T16:00:00 to 2016-04-05T22:00:00 -->
        <symbol number="1" numberEx="1" name="Clear sky" var="mf/01n.07" />
        <precipitation value="0" />
        <!-- Valid at 2016-04-05T16:00:00 -->
        <windDirection deg="32.5" code="NNE" name="North-northeast" />
        <windSpeed mps="8.3" name="Fresh breeze" />
        <temperature unit="celsius" value="26" />
        <pressure unit="hPa" value="1010.2" />
      </time>
      <time from="2016-04-05T22:00:00" to="2016-04-06T04:00:00" period="0">
        <!-- Valid from 2016-04-05T22:00:00 to 2016-04-06T04:00:00 -->
        <symbol number="1" numberEx="1" name="Clear sky" var="mf/01n.04" />
        <precipitation value="0" />
        <!-- Valid at 2016-04-05T22:00:00 -->
        <windDirection deg="10.1" code="N" name="North" />
        <windSpeed mps="6.2" name="Moderate breeze" />
        <temperature unit="celsius" value="22" />
        <pressure unit="hPa" value="1012.2" />
      </time>
      <time from="2016-04-06T04:00:00" to="2016-04-06T10:00:00" period="1">
        <!-- Valid from 2016-04-06T04:00:00 to 2016-04-06T10:00:00 -->
        <symbol number="1" numberEx="1" name="Clear sky" var="01d" />
        <precipitation value="0" />
        <!-- Valid at 2016-04-06T04:00:00 -->
        <windDirection deg="293.5" code="WNW" name="West-northwest" />
        <windSpeed mps="2.8" name="Light breeze" />
        <temperature unit="celsius" value="17" />
        <pressure unit="hPa" value="1011.2" />
      </time>
      <time from="2016-04-06T10:00:00" to="2016-04-06T16:00:00" period="2">
        <!-- Valid from 2016-04-06T10:00:00 to 2016-04-06T16:00:00 -->
        <symbol number="4" numberEx="4" name="Cloudy" var="04" />
        <precipitation value="0" />
        <!-- Valid at 2016-04-06T10:00:00 -->
        <windDirection deg="313.0" code="NW" name="Northwest" />
        <windSpeed mps="1.9" name="Light breeze" />
        <temperature unit="celsius" value="25" />
        <pressure unit="hPa" value="1012.0" />
      </time>
      <time from="2016-04-06T16:00:00" to="2016-04-06T22:00:00" period="3">
        <!-- Valid from 2016-04-06T16:00:00 to 2016-04-06T22:00:00 -->
        <symbol number="2" numberEx="2" name="Fair" var="mf/02n.04" />
        <precipitation value="0" />
        <!-- Valid at 2016-04-06T16:00:00 -->
        <windDirection deg="166.1" code="SSE" name="South-southeast" />
        <windSpeed mps="8.3" name="Fresh breeze" />
        <temperature unit="celsius" value="24" />
        <pressure unit="hPa" value="1011.1" />
      </time>
      <time from="2016-04-06T22:00:00" to="2016-04-07T04:00:00" period="0">
        <!-- Valid from 2016-04-06T22:00:00 to 2016-04-07T04:00:00 -->
        <symbol number="5" numberEx="40" name="Light rain showers" var="mf/40n.00" />
        <precipitation value="0.6" />
        <!-- Valid at 2016-04-06T22:00:00 -->
        <windDirection deg="186.5" code="S" name="South" />
        <windSpeed mps="10.1" name="Fresh breeze" />
        <temperature unit="celsius" value="19" />
        <pressure unit="hPa" value="1017.5" />
      </time>
      <time from="2016-04-07T04:00:00" to="2016-04-07T10:00:00" period="1">
        <!-- Valid from 2016-04-07T04:00:00 to 2016-04-07T10:00:00 -->
        <symbol number="3" numberEx="3" name="Partly cloudy" var="03d" />
        <precipitation value="0" />
        <!-- Valid at 2016-04-07T04:00:00 -->
        <windDirection deg="172.6" code="S" name="South" />
        <windSpeed mps="8.3" name="Fresh breeze" />
        <temperature unit="celsius" value="19" />
        <pressure unit="hPa" value="1018.9" />
      </time>
      <time from="2016-04-07T10:00:00" to="2016-04-07T16:00:00" period="2">
        <!-- Valid from 2016-04-07T10:00:00 to 2016-04-07T16:00:00 -->
        <symbol number="3" numberEx="3" name="Partly cloudy" var="03d" />
        <precipitation value="0" />
        <!-- Valid at 2016-04-07T10:00:00 -->
        <windDirection deg="164.2" code="SSE" name="South-southeast" />
        <windSpeed mps="6.6" name="Moderate breeze" />
        <temperature unit="celsius" value="20" />
        <pressure unit="hPa" value="1023.1" />
      </time>
      <time from="2016-04-07T16:00:00" to="2016-04-07T22:00:00" period="3">
        <!-- Valid from 2016-04-07T16:00:00 to 2016-04-07T22:00:00 -->
        <symbol number="1" numberEx="1" name="Clear sky" var="mf/01n.00" />
        <precipitation value="0" />
        <!-- Valid at 2016-04-07T16:00:00 -->
        <windDirection deg="168.7" code="SSE" name="South-southeast" />
        <windSpeed mps="5.1" name="Gentle breeze" />
        <temperature unit="celsius" value="20" />
        <pressure unit="hPa" value="1022.1" />
      </time>
      <time from="2016-04-07T22:00:00" to="2016-04-08T04:00:00" period="0">
        <!-- Valid from 2016-04-07T22:00:00 to 2016-04-08T04:00:00 -->
        <symbol number="2" numberEx="2" name="Fair" var="mf/02n.97" />
        <precipitation value="0" />
        <!-- Valid at 2016-04-07T22:00:00 -->
        <windDirection deg="140.1" code="SE" name="Southeast" />
        <windSpeed mps="3.1" name="Light breeze" />
        <temperature unit="celsius" value="17" />
        <pressure unit="hPa" value="1023.8" />
      </time>
      <time from="2016-04-08T04:00:00" to="2016-04-08T10:00:00" period="1">
        <!-- Valid from 2016-04-08T04:00:00 to 2016-04-08T10:00:00 -->
        <symbol number="2" numberEx="2" name="Fair" var="02d" />
        <precipitation value="0" />
        <!-- Valid at 2016-04-08T04:00:00 -->
        <windDirection deg="256.4" code="WSW" name="West-southwest" />
        <windSpeed mps="2.9" name="Light breeze" />
        <temperature unit="celsius" value="14" />
        <pressure unit="hPa" value="1021.6" />
      </time>
      <time from="2016-04-08T10:00:00" to="2016-04-08T16:00:00" period="2">
        <!-- Valid from 2016-04-08T10:00:00 to 2016-04-08T16:00:00 -->
        <symbol number="1" numberEx="1" name="Clear sky" var="01d" />
        <precipitation value="0" />
        <!-- Valid at 2016-04-08T10:00:00 -->
        <windDirection deg="196.3" code="SSW" name="South-southwest" />
        <windSpeed mps="3.9" name="Gentle breeze" />
        <temperature unit="celsius" value="20" />
        <pressure unit="hPa" value="1023.2" />
      </time>
      <time from="2016-04-08T16:00:00" to="2016-04-08T22:00:00" period="3">
        <!-- Valid from 2016-04-08T16:00:00 to 2016-04-08T22:00:00 -->
        <symbol number="3" numberEx="3" name="Partly cloudy" var="mf/03n.97" />
        <precipitation value="0" />
        <!-- Valid at 2016-04-08T16:00:00 -->
        <windDirection deg="127.1" code="SE" name="Southeast" />
        <windSpeed mps="4.8" name="Gentle breeze" />
        <temperature unit="celsius" value="21" />
        <pressure unit="hPa" value="1020.7" />
      </time>
      <time from="2016-04-08T22:00:00" to="2016-04-09T04:00:00" period="0">
        <!-- Valid from 2016-04-08T22:00:00 to 2016-04-09T04:00:00 -->
        <symbol number="3" numberEx="3" name="Partly cloudy" var="mf/03n.93" />
        <precipitation value="0" />
        <!-- Valid at 2016-04-08T22:00:00 -->
        <windDirection deg="156.7" code="SSE" name="South-southeast" />
        <windSpeed mps="4.7" name="Gentle breeze" />
        <temperature unit="celsius" value="19" />
        <pressure unit="hPa" value="1023.7" />
      </time>
      <time from="2016-04-09T04:00:00" to="2016-04-09T10:00:00" period="1">
        <!-- Valid from 2016-04-09T04:00:00 to 2016-04-09T10:00:00 -->
        <symbol number="5" numberEx="5" name="Rain showers" var="05d" />
        <precipitation value="2.1" />
        <!-- Valid at 2016-04-09T04:00:00 -->
        <windDirection deg="192.7" code="SSW" name="South-southwest" />
        <windSpeed mps="5.4" name="Gentle breeze" />
        <temperature unit="celsius" value="18" />
        <pressure unit="hPa" value="1022.4" />
      </time>
      <time from="2016-04-09T10:00:00" to="2016-04-09T16:00:00" period="2">
        <!-- Valid from 2016-04-09T10:00:00 to 2016-04-09T16:00:00 -->
        <symbol number="9" numberEx="9" name="Rain" var="09" />
        <precipitation value="2.3" />
        <!-- Valid at 2016-04-09T10:00:00 -->
        <windDirection deg="188.2" code="S" name="South" />
        <windSpeed mps="5.5" name="Moderate breeze" />
        <temperature unit="celsius" value="19" />
        <pressure unit="hPa" value="1024.6" />
      </time>
      <time from="2016-04-09T16:00:00" to="2016-04-09T22:00:00" period="3">
        <!-- Valid from 2016-04-09T16:00:00 to 2016-04-09T22:00:00 -->
        <symbol number="5" numberEx="5" name="Rain showers" var="mf/05n.93" />
        <precipitation value="1.6" />
        <!-- Valid at 2016-04-09T16:00:00 -->
        <windDirection deg="100.5" code="E" name="East" />
        <windSpeed mps="4.3" name="Gentle breeze" />
        <temperature unit="celsius" value="19" />
        <pressure unit="hPa" value="1023.4" />
      </time>
      <time from="2016-04-09T22:00:00" to="2016-04-10T04:00:00" period="0">
        <!-- Valid from 2016-04-09T22:00:00 to 2016-04-10T04:00:00 -->
        <symbol number="3" numberEx="3" name="Partly cloudy" var="mf/03n.90" />
        <precipitation value="0" />
        <!-- Valid at 2016-04-09T22:00:00 -->
        <windDirection deg="97.5" code="E" name="East" />
        <windSpeed mps="4.3" name="Gentle breeze" />
        <temperature unit="celsius" value="19" />
        <pressure unit="hPa" value="1025.3" />
      </time>
      <time from="2016-04-10T04:00:00" to="2016-04-10T10:00:00" period="1">
        <!-- Valid from 2016-04-10T04:00:00 to 2016-04-10T10:00:00 -->
        <symbol number="3" numberEx="3" name="Partly cloudy" var="03d" />
        <precipitation value="0" />
        <!-- Valid at 2016-04-10T04:00:00 -->
        <windDirection deg="42.7" code="NE" name="Northeast" />
        <windSpeed mps="1.0" name="Light air" />
        <temperature unit="celsius" value="17" />
        <pressure unit="hPa" value="1024.0" />
      </time>
      <time from="2016-04-10T10:00:00" to="2016-04-10T16:00:00" period="2">
        <!-- Valid from 2016-04-10T10:00:00 to 2016-04-10T16:00:00 -->
        <symbol number="3" numberEx="3" name="Partly cloudy" var="03d" />
        <precipitation value="0" />
        <!-- Valid at 2016-04-10T10:00:00 -->
        <windDirection deg="153.1" code="SSE" name="South-southeast" />
        <windSpeed mps="0.5" name="Light air" />
        <temperature unit="celsius" value="20" />
        <pressure unit="hPa" value="1026.7" />
      </time>
      <time from="2016-04-10T16:00:00" to="2016-04-10T22:00:00" period="3">
        <!-- Valid from 2016-04-10T16:00:00 to 2016-04-10T22:00:00 -->
        <symbol number="1" numberEx="1" name="Clear sky" var="mf/01n.90" />
        <precipitation value="0" />
        <!-- Valid at 2016-04-10T16:00:00 -->
        <windDirection deg="56.0" code="NE" name="Northeast" />
        <windSpeed mps="4.3" name="Gentle breeze" />
        <temperature unit="celsius" value="21" />
        <pressure unit="hPa" value="1024.3" />
      </time>
    </tabular>
  </forecast>
</weatherdata>