<?xml version="1.0" encoding="utf-8"?>
<weatherdata>
  <location>
    <name>Tauranga</name>
    <type>Administration centre</type>
    <country>New Zealand</country>
    <timezone id="Pacific/Auckland" utcoffsetMinutes="780" />
    <location altitude="18" latitude="-37.68611" longitude="176.16667" geobase="geonames" geobaseid="2208032" />
  </location>
  <credit>
    <!--In order to use the free weather data from yr no, you HAVE to display 
the following text clearly visible on your web page. The text should be a 
link to the specified URL.-->
    <!--Please read more about our conditions and guidelines at http://om.yr.no/verdata/  English explanation at http://om.yr.no/verdata/free-weather-data/-->
    <link text="Weather forecast from yr.no, delivered by the Norwegian Meteorological Institute and the NRK" url="http://www.yr.no/place/New_Zealand/Bay_of_Plenty/Tauranga/" />
  </credit>
  <links>
    <link id="xmlSource" url="http://www.yr.no/place/New_Zealand/Bay_of_Plenty/Tauranga/forecast.xml" />
    <link id="xmlSourceHourByHour" url="http://www.yr.no/place/New_Zealand/Bay_of_Plenty/Tauranga/forecast_hour_by_hour.xml" />
    <link id="overview" url="http://www.yr.no/place/New_Zealand/Bay_of_Plenty/Tauranga/" />
    <link id="hourByHour" url="http://www.yr.no/place/New_Zealand/Bay_of_Plenty/Tauranga/hour_by_hour" />
    <link id="longTermForecast" url="http://www.yr.no/place/New_Zealand/Bay_of_Plenty/Tauranga/long" />
  </links>
  <meta>
    <lastupdate>2016-04-01T08:43:00</lastupdate>
    <nextupdate>2016-04-01T21:00:00</nextupdate>
  </meta>
  <sun rise="2016-04-01T07:29:08" set="2016-04-01T19:08:41" />
  <forecast>
    <tabular>
      <time from="2016-04-01T16:00:00" to="2016-04-01T19:00:00" period="2">
        <!-- Valid from 2016-04-01T16:00:00 to 2016-04-01T19:00:00 -->
        <symbol number="4" numberEx="4" name="Cloudy" var="04" />
        <precipitation value="0" />
        <!-- Valid at 2016-04-01T16:00:00 -->
        <windDirection deg="41.8" code="NE" name="Northeast" />
        <windSpeed mps="6.2" name="Moderate breeze" />
        <temperature unit="celsius" value="20" />
        <pressure unit="hPa" value="1021.4" />
      </time>
      <time from="2016-04-01T19:00:00" to="2016-04-02T01:00:00" period="3">
        <!-- Valid from 2016-04-01T19:00:00 to 2016-04-02T01:00:00 -->
        <symbol number="10" numberEx="10" name="Heavy rain" var="10" />
        <precipitation value="5.9" />
        <!-- Valid at 2016-04-01T19:00:00 -->
        <windDirection deg="45.6" code="NE" name="Northeast" />
        <windSpeed mps="5.5" name="Moderate breeze" />
        <temperature unit="celsius" value="19" />
        <pressure unit="hPa" value="1020.5" />
      </time>
      <time from="2016-04-02T01:00:00" to="2016-04-02T07:00:00" period="0">
        <!-- Valid from 2016-04-02T01:00:00 to 2016-04-02T07:00:00 -->
        <symbol number="5" numberEx="5" name="Rain showers" var="mf/05n.17" />
        <precipitation value="4.7" />
        <!-- Valid at 2016-04-02T01:00:00 -->
        <windDirection deg="16.1" code="NNE" name="North-northeast" />
        <windSpeed mps="7.1" name="Moderate breeze" />
        <temperature unit="celsius" value="19" />
        <pressure unit="hPa" value="1020.1" />
      </time>
      <time from="2016-04-02T07:00:00" to="2016-04-02T13:00:00" period="1">
        <!-- Valid from 2016-04-02T07:00:00 to 2016-04-02T13:00:00 -->
        <symbol number="5" numberEx="41" name="Heavy rain showers" var="41d" />
        <precipitation value="14.7" />
        <!-- Valid at 2016-04-02T07:00:00 -->
        <windDirection deg="358.6" code="N" name="North" />
        <windSpeed mps="4.9" name="Gentle breeze" />
        <temperature unit="celsius" value="19" />
        <pressure unit="hPa" value="1018.1" />
      </time>
      <time from="2016-04-02T13:00:00" to="2016-04-02T19:00:00" period="2">
        <!-- Valid from 2016-04-02T13:00:00 to 2016-04-02T19:00:00 -->
        <symbol number="5" numberEx="5" name="Rain showers" var="05d" />
        <precipitation value="3.1" />
        <!-- Valid at 2016-04-02T13:00:00 -->
        <windDirection deg="350.3" code="N" name="North" />
        <windSpeed mps="6.9" name="Moderate breeze" />
        <temperature unit="celsius" value="20" />
        <pressure unit="hPa" value="1017.9" />
      </time>
      <time from="2016-04-02T19:00:00" to="2016-04-03T01:00:00" period="3">
        <!-- Valid from 2016-04-02T19:00:00 to 2016-04-03T01:00:00 -->
        <symbol number="9" numberEx="9" name="Rain" var="09" />
        <precipitation value="1.0" />
        <!-- Valid at 2016-04-02T19:00:00 -->
        <windDirection deg="287.4" code="WNW" name="West-northwest" />
        <windSpeed mps="2.3" name="Light breeze" />
        <temperature unit="celsius" value="19" />
        <pressure unit="hPa" value="1016.5" />
      </time>
      <time from="2016-04-03T01:00:00" to="2016-04-03T07:00:00" period="0">
        <!-- Valid from 2016-04-03T01:00:00 to 2016-04-03T07:00:00 -->
        <symbol number="9" numberEx="46" name="Light rain" var="46" />
        <precipitation value="0.6" />
        <!-- Valid at 2016-04-03T01:00:00 -->
        <windDirection deg="270.4" code="W" name="West" />
        <windSpeed mps="1.2" name="Light air" />
        <temperature unit="celsius" value="19" />
        <pressure unit="hPa" value="1017.0" />
      </time>
      <time from="2016-04-03T07:00:00" to="2016-04-03T13:00:00" period="1">
        <!-- Valid from 2016-04-03T07:00:00 to 2016-04-03T13:00:00 -->
        <symbol number="3" numberEx="3" name="Partly cloudy" var="03d" />
        <precipitation value="0" />
        <!-- Valid at 2016-04-03T07:00:00 -->
        <windDirection deg="227.3" code="SW" name="Southwest" />
        <windSpeed mps="1.5" name="Light air" />
        <temperature unit="celsius" value="17" />
        <pressure unit="hPa" value="1015.3" />
      </time>
      <time from="2016-04-03T13:00:00" to="2016-04-03T18:00:00" period="2">
        <!-- Valid from 2016-04-03T13:00:00 to 2016-04-03T18:00:00 -->
        <symbol number="5" numberEx="40" name="Light rain showers" var="40d" />
        <precipitation value="0.8" />
        <!-- Valid at 2016-04-03T13:00:00 -->
        <windDirection deg="302.3" code="WNW" name="West-northwest" />
        <windSpeed mps="3.0" name="Light breeze" />
        <temperature unit="celsius" value="21" />
        <pressure unit="hPa" value="1015.8" />
      </time>
      <time from="2016-04-03T18:00:00" to="2016-04-04T00:00:00" period="3">
        <!-- Valid from 2016-04-03T18:00:00 to 2016-04-04T00:00:00 -->
        <symbol number="3" numberEx="3" name="Partly cloudy" var="mf/03n.14" />
        <precipitation value="0" />
        <!-- Valid at 2016-04-03T18:00:00 -->
        <windDirection deg="267.9" code="W" name="West" />
        <windSpeed mps="4.4" name="Gentle breeze" />
        <temperature unit="celsius" value="20" />
        <pressure unit="hPa" value="1014.4" />
      </time>
      <time from="2016-04-04T00:00:00" to="2016-04-04T06:00:00" period="0">
        <!-- Valid from 2016-04-04T00:00:00 to 2016-04-04T06:00:00 -->
        <symbol number="3" numberEx="3" name="Partly cloudy" var="mf/03n.10" />
        <precipitation value="0" />
        <!-- Valid at 2016-04-04T00:00:00 -->
        <windDirection deg="254.5" code="WSW" name="West-southwest" />
        <windSpeed mps="3.2" name="Light breeze" />
        <temperature unit="celsius" value="17" />
        <pressure unit="hPa" value="1015.9" />
      </time>
      <time from="2016-04-04T06:00:00" to="2016-04-04T12:00:00" period="1">
        <!-- Valid from 2016-04-04T06:00:00 to 2016-04-04T12:00:00 -->
        <symbol number="3" numberEx="3" name="Partly cloudy" var="03d" />
        <precipitation value="0" />
        <!-- Valid at 2016-04-04T06:00:00 -->
        <windDirection deg="238.2" code="WSW" name="West-southwest" />
        <windSpeed mps="1.4" name="Light air" />
        <temperature unit="celsius" value="16" />
        <pressure unit="hPa" value="1014.6" />
      </time>
      <time from="2016-04-04T12:00:00" to="2016-04-04T18:00:00" period="2">
        <!-- Valid from 2016-04-04T12:00:00 to 2016-04-04T18:00:00 -->
        <symbol number="3" numberEx="3" name="Partly cloudy" var="03d" />
        <precipitation value="0" />
        <!-- Valid at 2016-04-04T12:00:00 -->
        <windDirection deg="247.8" code="WSW" name="West-southwest" />
        <windSpeed mps="4.3" name="Gentle breeze" />
        <temperature unit="celsius" value="20" />
        <pressure unit="hPa" value="1014.3" />
      </time>
      <time from="2016-04-04T18:00:00" to="2016-04-05T00:00:00" period="3">
        <!-- Valid from 2016-04-04T18:00:00 to 2016-04-05T00:00:00 -->
        <symbol number="2" numberEx="2" name="Fair" var="mf/02n.10" />
        <precipitation value="0" />
        <!-- Valid at 2016-04-04T18:00:00 -->
        <windDirection deg="256.2" code="WSW" name="West-southwest" />
        <windSpeed mps="5.8" name="Moderate breeze" />
        <temperature unit="celsius" value="18" />
        <pressure unit="hPa" value="1012.8" />
      </time>
      <time from="2016-04-05T00:00:00" to="2016-04-05T06:00:00" period="0">
        <!-- Valid from 2016-04-05T00:00:00 to 2016-04-05T06:00:00 -->
        <symbol number="3" numberEx="3" name="Partly cloudy" var="mf/03n.07" />
        <precipitation value="0" />
        <!-- Valid at 2016-04-05T00:00:00 -->
        <windDirection deg="208.0" code="SSW" name="South-southwest" />
        <windSpeed mps="4.4" name="Gentle breeze" />
        <temperature unit="celsius" value="15" />
        <pressure unit="hPa" value="1014.2" />
      </time>
      <time from="2016-04-05T06:00:00" to="2016-04-05T12:00:00" period="1">
        <!-- Valid from 2016-04-05T06:00:00 to 2016-04-05T12:00:00 -->
        <symbol number="3" numberEx="3" name="Partly cloudy" var="03d" />
        <precipitation value="0" />
        <!-- Valid at 2016-04-05T06:00:00 -->
        <windDirection deg="191.1" code="S" name="South" />
        <windSpeed mps="1.4" name="Light air" />
        <temperature unit="celsius" value="14" />
        <pressure unit="hPa" value="1015.1" />
      </time>
      <time from="2016-04-05T12:00:00" to="2016-04-05T18:00:00" period="2">
        <!-- Valid from 2016-04-05T12:00:00 to 2016-04-05T18:00:00 -->
        <symbol number="4" numberEx="4" name="Cloudy" var="04" />
        <precipitation value="0" />
        <!-- Valid at 2016-04-05T12:00:00 -->
        <windDirection deg="155.2" code="SSE" name="South-southeast" />
        <windSpeed mps="2.1" name="Light breeze" />
        <temperature unit="celsius" value="19" />
        <pressure unit="hPa" value="1016.7" />
      </time>
      <time from="2016-04-05T18:00:00" to="2016-04-06T00:00:00" period="3">
        <!-- Valid from 2016-04-05T18:00:00 to 2016-04-06T00:00:00 -->
        <symbol number="2" numberEx="2" name="Fair" var="mf/02n.07" />
        <precipitation value="0" />
        <!-- Valid at 2016-04-05T18:00:00 -->
        <windDirection deg="138.8" code="SE" name="Southeast" />
        <windSpeed mps="4.2" name="Gentle breeze" />
        <temperature unit="celsius" value="17" />
        <pressure unit="hPa" value="1017.0" />
      </time>
      <time from="2016-04-06T00:00:00" to="2016-04-06T06:00:00" period="0">
        <!-- Valid from 2016-04-06T00:00:00 to 2016-04-06T06:00:00 -->
        <symbol number="2" numberEx="2" name="Fair" var="mf/02n.04" />
        <precipitation value="0" />
        <!-- Valid at 2016-04-06T00:00:00 -->
        <windDirection deg="148.0" code="SSE" name="South-southeast" />
        <windSpeed mps="4.7" name="Gentle breeze" />
        <temperature unit="celsius" value="14" />
        <pressure unit="hPa" value="1020.2" />
      </time>
      <time from="2016-04-06T06:00:00" to="2016-04-06T12:00:00" period="1">
        <!-- Valid from 2016-04-06T06:00:00 to 2016-04-06T12:00:00 -->
        <symbol number="1" numberEx="1" name="Clear sky" var="01d" />
        <precipitation value="0" />
        <!-- Valid at 2016-04-06T06:00:00 -->
        <windDirection deg="163.8" code="SSE" name="South-southeast" />
        <windSpeed mps="4.6" name="Gentle breeze" />
        <temperature unit="celsius" value="12" />
        <pressure unit="hPa" value="1020.5" />
      </time>
      <time from="2016-04-06T12:00:00" to="2016-04-06T18:00:00" period="2">
        <!-- Valid from 2016-04-06T12:00:00 to 2016-04-06T18:00:00 -->
        <symbol number="1" numberEx="1" name="Clear sky" var="01d" />
        <precipitation value="0" />
        <!-- Valid at 2016-04-06T12:00:00 -->
        <windDirection deg="112.9" code="ESE" name="East-southeast" />
        <windSpeed mps="4.1" name="Gentle breeze" />
        <temperature unit="celsius" value="17" />
        <pressure unit="hPa" value="1021.3" />
      </time>
      <time from="2016-04-06T18:00:00" to="2016-04-07T00:00:00" period="3">
        <!-- Valid from 2016-04-06T18:00:00 to 2016-04-07T00:00:00 -->
        <symbol number="1" numberEx="1" name="Clear sky" var="mf/01n.04" />
        <precipitation value="0" />
        <!-- Valid at 2016-04-06T18:00:00 -->
        <windDirection deg="310.6" code="NW" name="Northwest" />
        <windSpeed mps="1.5" name="Light air" />
        <temperature unit="celsius" value="16" />
        <pressure unit="hPa" value="1020.6" />
      </time>
      <time from="2016-04-07T00:00:00" to="2016-04-07T06:00:00" period="0">
        <!-- Valid from 2016-04-07T00:00:00 to 2016-04-07T06:00:00 -->
        <symbol number="1" numberEx="1" name="Clear sky" var="mf/01n.00" />
        <precipitation value="0" />
        <!-- Valid at 2016-04-07T00:00:00 -->
        <windDirection deg="140.8" code="SE" name="Southeast" />
        <windSpeed mps="3.4" name="Gentle breeze" />
        <temperature unit="celsius" value="13" />
        <pressure unit="hPa" value="1022.0" />
      </time>
      <time from="2016-04-07T06:00:00" to="2016-04-07T12:00:00" period="1">
        <!-- Valid from 2016-04-07T06:00:00 to 2016-04-07T12:00:00 -->
        <symbol number="1" numberEx="1" name="Clear sky" var="01d" />
        <precipitation value="0" />
        <!-- Valid at 2016-04-07T06:00:00 -->
        <windDirection deg="198.5" code="SSW" name="South-southwest" />
        <windSpeed mps="2.0" name="Light breeze" />
        <temperature unit="celsius" value="12" />
        <pressure unit="hPa" value="1021.1" />
      </time>
      <time from="2016-04-07T12:00:00" to="2016-04-07T18:00:00" period="2">
        <!-- Valid from 2016-04-07T12:00:00 to 2016-04-07T18:00:00 -->
        <symbol number="3" numberEx="3" name="Partly cloudy" var="03d" />
        <precipitation value="0" />
        <!-- Valid at 2016-04-07T12:00:00 -->
        <windDirection deg="298.9" code="WNW" name="West-northwest" />
        <windSpeed mps="1.5" name="Light air" />
        <temperature unit="celsius" value="18" />
        <pressure unit="hPa" value="1021.1" />
      </time>
      <time from="2016-04-07T18:00:00" to="2016-04-08T00:00:00" period="3">
        <!-- Valid from 2016-04-07T18:00:00 to 2016-04-08T00:00:00 -->
        <symbol number="1" numberEx="1" name="Clear sky" var="mf/01n.00" />
        <precipitation value="0" />
        <!-- Valid at 2016-04-07T18:00:00 -->
        <windDirection deg="282.9" code="WNW" name="West-northwest" />
        <windSpeed mps="2.4" name="Light breeze" />
        <temperature unit="celsius" value="17" />
        <pressure unit="hPa" value="1018.4" />
      </time>
      <time from="2016-04-08T00:00:00" to="2016-04-08T06:00:00" period="0">
        <!-- Valid from 2016-04-08T00:00:00 to 2016-04-08T06:00:00 -->
        <symbol number="3" numberEx="3" name="Partly cloudy" var="mf/03n.97" />
        <precipitation value="0" />
        <!-- Valid at 2016-04-08T00:00:00 -->
        <windDirection deg="230.8" code="SW" name="Southwest" />
        <windSpeed mps="2.6" name="Light breeze" />
        <temperature unit="celsius" value="14" />
        <pressure unit="hPa" value="1018.8" />
      </time>
      <time from="2016-04-08T06:00:00" to="2016-04-08T12:00:00" period="1">
        <!-- Valid from 2016-04-08T06:00:00 to 2016-04-08T12:00:00 -->
        <symbol number="4" numberEx="4" name="Cloudy" var="04" />
        <precipitation value="0" />
        <!-- Valid at 2016-04-08T06:00:00 -->
        <windDirection deg="202.3" code="SSW" name="South-southwest" />
        <windSpeed mps="2.2" name="Light breeze" />
        <temperature unit="celsius" value="12" />
        <pressure unit="hPa" value="1017.4" />
      </time>
      <time from="2016-04-08T12:00:00" to="2016-04-08T18:00:00" period="2">
        <!-- Valid from 2016-04-08T12:00:00 to 2016-04-08T18:00:00 -->
        <symbol number="4" numberEx="4" name="Cloudy" var="04" />
        <precipitation value="0" />
        <!-- Valid at 2016-04-08T12:00:00 -->
        <windDirection deg="359.8" code="N" name="North" />
        <windSpeed mps="2.3" name="Light breeze" />
        <temperature unit="celsius" value="18" />
        <pressure unit="hPa" value="1016.7" />
      </time>
      <time from="2016-04-08T18:00:00" to="2016-04-09T00:00:00" period="3">
        <!-- Valid from 2016-04-08T18:00:00 to 2016-04-09T00:00:00 -->
        <symbol number="4" numberEx="4" name="Cloudy" var="04" />
        <precipitation value="0" />
        <!-- Valid at 2016-04-08T18:00:00 -->
        <windDirection deg="345.0" code="NNW" name="North-northwest" />
        <windSpeed mps="5.0" name="Gentle breeze" />
        <temperature unit="celsius" value="18" />
        <pressure unit="hPa" value="1013.6" />
      </time>
      <time from="2016-04-09T00:00:00" to="2016-04-09T06:00:00" period="0">
        <!-- Valid from 2016-04-09T00:00:00 to 2016-04-09T06:00:00 -->
        <symbol number="9" numberEx="9" name="Rain" var="09" />
        <precipitation value="2.4" />
        <!-- Valid at 2016-04-09T00:00:00 -->
        <windDirection deg="318.1" code="NW" name="Northwest" />
        <windSpeed mps="3.8" name="Gentle breeze" />
        <temperature unit="celsius" value="17" />
        <pressure unit="hPa" value="1013.6" />
      </time>
      <time from="2016-04-09T06:00:00" to="2016-04-09T12:00:00" period="1">
        <!-- Valid from 2016-04-09T06:00:00 to 2016-04-09T12:00:00 -->
        <symbol number="9" numberEx="9" name="Rain" var="09" />
        <precipitation value="2.7" />
        <!-- Valid at 2016-04-09T06:00:00 -->
        <windDirection deg="340.4" code="NNW" name="North-northwest" />
        <windSpeed mps="2.6" name="Light breeze" />
        <temperature unit="celsius" value="16" />
        <pressure unit="hPa" value="1011.3" />
      </time>
      <time from="2016-04-09T12:00:00" to="2016-04-09T18:00:00" period="2">
        <!-- Valid from 2016-04-09T12:00:00 to 2016-04-09T18:00:00 -->
        <symbol number="5" numberEx="41" name="Heavy rain showers" var="41d" />
        <precipitation value="11.6" />
        <!-- Valid at 2016-04-09T12:00:00 -->
        <windDirection deg="327.8" code="NNW" name="North-northwest" />
        <windSpeed mps="4.0" name="Gentle breeze" />
        <temperature unit="celsius" value="18" />
        <pressure unit="hPa" value="1010.7" />
      </time>
      <time from="2016-04-09T18:00:00" to="2016-04-10T00:00:00" period="3">
        <!-- Valid from 2016-04-09T18:00:00 to 2016-04-10T00:00:00 -->
        <symbol number="9" numberEx="9" name="Rain" var="09" />
        <precipitation value="3.7" />
        <!-- Valid at 2016-04-09T18:00:00 -->
        <windDirection deg="320.7" code="NW" name="Northwest" />
        <windSpeed mps="2.7" name="Light breeze" />
        <temperature unit="celsius" value="17" />
        <pressure unit="hPa" value="1008.8" />
      </time>
      <time from="2016-04-10T00:00:00" to="2016-04-10T06:00:00" period="0">
        <!-- Valid from 2016-04-10T00:00:00 to 2016-04-10T06:00:00 -->
        <symbol number="1" numberEx="1" name="Clear sky" var="mf/01n.90" />
        <precipitation value="0" />
        <!-- Valid at 2016-04-10T00:00:00 -->
        <windDirection deg="293.3" code="WNW" name="West-northwest" />
        <windSpeed mps="3.5" name="Gentle breeze" />
        <temperature unit="celsius" value="16" />
        <pressure unit="hPa" value="1008.1" />
      </time>
      <time from="2016-04-10T06:00:00" to="2016-04-10T12:00:00" period="1">
        <!-- Valid from 2016-04-10T06:00:00 to 2016-04-10T12:00:00 -->
        <symbol number="5" numberEx="5" name="Rain showers" var="05d" />
        <precipitation value="2.2" />
        <!-- Valid at 2016-04-10T06:00:00 -->
        <windDirection deg="281.4" code="WNW" name="West-northwest" />
        <windSpeed mps="2.1" name="Light breeze" />
        <temperature unit="celsius" value="14" />
        <pressure unit="hPa" value="1007.6" />
      </time>
      <time from="2016-04-10T12:00:00" to="2016-04-10T18:00:00" period="2">
        <!-- Valid from 2016-04-10T12:00:00 to 2016-04-10T18:00:00 -->
        <symbol number="5" numberEx="40" name="Light rain showers" var="40d" />
        <precipitation value="0.7" />
        <!-- Valid at 2016-04-10T12:00:00 -->
        <windDirection deg="311.2" code="NW" name="Northwest" />
        <windSpeed mps="6.7" name="Moderate breeze" />
        <temperature unit="celsius" value="17" />
        <pressure unit="hPa" value="1007.0" />
      </time>
      <time from="2016-04-10T18:00:00" to="2016-04-11T00:00:00" period="3">
        <!-- Valid from 2016-04-10T18:00:00 to 2016-04-11T00:00:00 -->
        <symbol number="1" numberEx="1" name="Clear sky" var="mf/01n.90" />
        <precipitation value="0" />
        <!-- Valid at 2016-04-10T18:00:00 -->
        <windDirection deg="207.3" code="SSW" name="South-southwest" />
        <windSpeed mps="5.5" name="Moderate breeze" />
        <temperature unit="celsius" value="16" />
        <pressure unit="hPa" value="1007.0" />
      </time>
    </tabular>
  </forecast>
</weatherdata>