<?xml version="1.0" encoding="utf-8"?>
<weatherdata>
  <location>
    <name>Wellington</name>
    <type>Capital</type>
    <country>New Zealand</country>
    <timezone id="Pacific/Auckland" utcoffsetMinutes="780" />
    <location altitude="31" latitude="-41.28664" longitude="174.77557" geobase="geonames" geobaseid="2179537" />
  </location>
  <credit>
    <!--In order to use the free weather data from yr no, you HAVE to display 
the following text clearly visible on your web page. The text should be a 
link to the specified URL.-->
    <!--Please read more about our conditions and guidelines at http://om.yr.no/verdata/  English explanation at http://om.yr.no/verdata/free-weather-data/-->
    <link text="Weather forecast from yr.no, delivered by the Norwegian Meteorological Institute and the NRK" url="http://www.yr.no/place/New_Zealand/Wellington/Wellington/" />
  </credit>
  <links>
    <link id="xmlSource" url="http://www.yr.no/place/New_Zealand/Wellington/Wellington/forecast.xml" />
    <link id="xmlSourceHourByHour" url="http://www.yr.no/place/New_Zealand/Wellington/Wellington/forecast_hour_by_hour.xml" />
    <link id="overview" url="http://www.yr.no/place/New_Zealand/Wellington/Wellington/" />
    <link id="hourByHour" url="http://www.yr.no/place/New_Zealand/Wellington/Wellington/hour_by_hour" />
    <link id="longTermForecast" url="http://www.yr.no/place/New_Zealand/Wellington/Wellington/long" />
  </links>
  <meta>
    <lastupdate>2016-04-01T08:43:00</lastupdate>
    <nextupdate>2016-04-01T21:00:00</nextupdate>
  </meta>
  <sun rise="2016-04-01T07:36:24" set="2016-04-01T19:12:28" />
  <forecast>
    <tabular>
      <time from="2016-04-01T16:00:00" to="2016-04-01T19:00:00" period="2">
        <!-- Valid from 2016-04-01T16:00:00 to 2016-04-01T19:00:00 -->
        <symbol number="9" numberEx="46" name="Light rain" var="46" />
        <precipitation value="0.3" />
        <!-- Valid at 2016-04-01T16:00:00 -->
        <windDirection deg="348.4" code="NNW" name="North-northwest" />
        <windSpeed mps="5.5" name="Moderate breeze" />
        <temperature unit="celsius" value="19" />
        <pressure unit="hPa" value="1020.0" />
      </time>
      <time from="2016-04-01T19:00:00" to="2016-04-02T01:00:00" period="3">
        <!-- Valid from 2016-04-01T19:00:00 to 2016-04-02T01:00:00 -->
        <symbol number="4" numberEx="4" name="Cloudy" var="04" />
        <precipitation value="0" />
        <!-- Valid at 2016-04-01T19:00:00 -->
        <windDirection deg="357.1" code="N" name="North" />
        <windSpeed mps="1.4" name="Light air" />
        <temperature unit="celsius" value="17" />
        <pressure unit="hPa" value="1019.6" />
      </time>
      <time from="2016-04-02T01:00:00" to="2016-04-02T07:00:00" period="0">
        <!-- Valid from 2016-04-02T01:00:00 to 2016-04-02T07:00:00 -->
        <symbol number="10" numberEx="10" name="Heavy rain" var="10" />
        <precipitation value="6.0" />
        <!-- Valid at 2016-04-02T01:00:00 -->
        <windDirection deg="74.3" code="ENE" name="East-northeast" />
        <windSpeed mps="2.9" name="Light breeze" />
        <temperature unit="celsius" value="16" />
        <pressure unit="hPa" value="1018.9" />
      </time>
      <time from="2016-04-02T07:00:00" to="2016-04-02T13:00:00" period="1">
        <!-- Valid from 2016-04-02T07:00:00 to 2016-04-02T13:00:00 -->
        <symbol number="9" numberEx="9" name="Rain" var="09" />
        <precipitation value="1.5" />
        <!-- Valid at 2016-04-02T07:00:00 -->
        <windDirection deg="92.4" code="E" name="East" />
        <windSpeed mps="3.9" name="Gentle breeze" />
        <temperature unit="celsius" value="15" />
        <pressure unit="hPa" value="1016.3" />
      </time>
      <time from="2016-04-02T13:00:00" to="2016-04-02T19:00:00" period="2">
        <!-- Valid from 2016-04-02T13:00:00 to 2016-04-02T19:00:00 -->
        <symbol number="9" numberEx="9" name="Rain" var="09" />
        <precipitation value="3.4" />
        <!-- Valid at 2016-04-02T13:00:00 -->
        <windDirection deg="8.1" code="N" name="North" />
        <windSpeed mps="6.6" name="Moderate breeze" />
        <temperature unit="celsius" value="19" />
        <pressure unit="hPa" value="1015.6" />
      </time>
      <time from="2016-04-02T19:00:00" to="2016-04-03T01:00:00" period="3">
        <!-- Valid from 2016-04-02T19:00:00 to 2016-04-03T01:00:00 -->
        <symbol number="9" numberEx="9" name="Rain" var="09" />
        <precipitation value="2.0" />
        <!-- Valid at 2016-04-02T19:00:00 -->
        <windDirection deg="14.1" code="NNE" name="North-northeast" />
        <windSpeed mps="4.9" name="Gentle breeze" />
        <temperature unit="celsius" value="18" />
        <pressure unit="hPa" value="1013.1" />
      </time>
      <time from="2016-04-03T01:00:00" to="2016-04-03T07:00:00" period="0">
        <!-- Valid from 2016-04-03T01:00:00 to 2016-04-03T07:00:00 -->
        <symbol number="3" numberEx="3" name="Partly cloudy" var="mf/03n.14" />
        <precipitation value="0" />
        <!-- Valid at 2016-04-03T01:00:00 -->
        <windDirection deg="336.8" code="NNW" name="North-northwest" />
        <windSpeed mps="6.1" name="Moderate breeze" />
        <temperature unit="celsius" value="17" />
        <pressure unit="hPa" value="1012.6" />
      </time>
      <time from="2016-04-03T07:00:00" to="2016-04-03T13:00:00" period="1">
        <!-- Valid from 2016-04-03T07:00:00 to 2016-04-03T13:00:00 -->
        <symbol number="2" numberEx="2" name="Fair" var="02d" />
        <precipitation value="0" />
        <!-- Valid at 2016-04-03T07:00:00 -->
        <windDirection deg="333.4" code="NNW" name="North-northwest" />
        <windSpeed mps="7.3" name="Moderate breeze" />
        <temperature unit="celsius" value="17" />
        <pressure unit="hPa" value="1011.1" />
      </time>
      <time from="2016-04-03T13:00:00" to="2016-04-03T18:00:00" period="2">
        <!-- Valid from 2016-04-03T13:00:00 to 2016-04-03T18:00:00 -->
        <symbol number="2" numberEx="2" name="Fair" var="02d" />
        <precipitation value="0" />
        <!-- Valid at 2016-04-03T13:00:00 -->
        <windDirection deg="327.4" code="NNW" name="North-northwest" />
        <windSpeed mps="10.0" name="Fresh breeze" />
        <temperature unit="celsius" value="19" />
        <pressure unit="hPa" value="1011.1" />
      </time>
      <time from="2016-04-03T18:00:00" to="2016-04-04T00:00:00" period="3">
        <!-- Valid from 2016-04-03T18:00:00 to 2016-04-04T00:00:00 -->
        <symbol number="2" numberEx="2" name="Fair" var="mf/02n.14" />
        <precipitation value="0" />
        <!-- Valid at 2016-04-03T18:00:00 -->
        <windDirection deg="337.3" code="NNW" name="North-northwest" />
        <windSpeed mps="6.6" name="Moderate breeze" />
        <temperature unit="celsius" value="18" />
        <pressure unit="hPa" value="1010.8" />
      </time>
      <time from="2016-04-04T00:00:00" to="2016-04-04T06:00:00" period="0">
        <!-- Valid from 2016-04-04T00:00:00 to 2016-04-04T06:00:00 -->
        <symbol number="4" numberEx="4" name="Cloudy" var="04" />
        <precipitation value="0" />
        <!-- Valid at 2016-04-04T00:00:00 -->
        <windDirection deg="155.5" code="SSE" name="South-southeast" />
        <windSpeed mps="1.1" name="Light air" />
        <temperature unit="celsius" value="16" />
        <pressure unit="hPa" value="1013.3" />
      </time>
      <time from="2016-04-04T06:00:00" to="2016-04-04T12:00:00" period="1">
        <!-- Valid from 2016-04-04T06:00:00 to 2016-04-04T12:00:00 -->
        <symbol number="4" numberEx="4" name="Cloudy" var="04" />
        <precipitation value="0" />
        <!-- Valid at 2016-04-04T06:00:00 -->
        <windDirection deg="174.0" code="S" name="South" />
        <windSpeed mps="8.0" name="Fresh breeze" />
        <temperature unit="celsius" value="14" />
        <pressure unit="hPa" value="1014.8" />
      </time>
      <time from="2016-04-04T12:00:00" to="2016-04-04T18:00:00" period="2">
        <!-- Valid from 2016-04-04T12:00:00 to 2016-04-04T18:00:00 -->
        <symbol number="2" numberEx="2" name="Fair" var="02d" />
        <precipitation value="0" />
        <!-- Valid at 2016-04-04T12:00:00 -->
        <windDirection deg="161.0" code="SSE" name="South-southeast" />
        <windSpeed mps="7.6" name="Moderate breeze" />
        <temperature unit="celsius" value="15" />
        <pressure unit="hPa" value="1016.5" />
      </time>
      <time from="2016-04-04T18:00:00" to="2016-04-05T00:00:00" period="3">
        <!-- Valid from 2016-04-04T18:00:00 to 2016-04-05T00:00:00 -->
        <symbol number="3" numberEx="3" name="Partly cloudy" var="mf/03n.10" />
        <precipitation value="0" />
        <!-- Valid at 2016-04-04T18:00:00 -->
        <windDirection deg="148.7" code="SSE" name="South-southeast" />
        <windSpeed mps="6.0" name="Moderate breeze" />
        <temperature unit="celsius" value="14" />
        <pressure unit="hPa" value="1017.0" />
      </time>
      <time from="2016-04-05T00:00:00" to="2016-04-05T06:00:00" period="0">
        <!-- Valid from 2016-04-05T00:00:00 to 2016-04-05T06:00:00 -->
        <symbol number="3" numberEx="3" name="Partly cloudy" var="mf/03n.07" />
        <precipitation value="0" />
        <!-- Valid at 2016-04-05T00:00:00 -->
        <windDirection deg="148.2" code="SSE" name="South-southeast" />
        <windSpeed mps="3.8" name="Gentle breeze" />
        <temperature unit="celsius" value="13" />
        <pressure unit="hPa" value="1019.2" />
      </time>
      <time from="2016-04-05T06:00:00" to="2016-04-05T12:00:00" period="1">
        <!-- Valid from 2016-04-05T06:00:00 to 2016-04-05T12:00:00 -->
        <symbol number="1" numberEx="1" name="Clear sky" var="01d" />
        <precipitation value="0" />
        <!-- Valid at 2016-04-05T06:00:00 -->
        <windDirection deg="145.3" code="SE" name="Southeast" />
        <windSpeed mps="2.8" name="Light breeze" />
        <temperature unit="celsius" value="12" />
        <pressure unit="hPa" value="1019.5" />
      </time>
      <time from="2016-04-05T12:00:00" to="2016-04-05T18:00:00" period="2">
        <!-- Valid from 2016-04-05T12:00:00 to 2016-04-05T18:00:00 -->
        <symbol number="1" numberEx="1" name="Clear sky" var="01d" />
        <precipitation value="0" />
        <!-- Valid at 2016-04-05T12:00:00 -->
        <windDirection deg="156.9" code="SSE" name="South-southeast" />
        <windSpeed mps="4.7" name="Gentle breeze" />
        <temperature unit="celsius" value="15" />
        <pressure unit="hPa" value="1021.2" />
      </time>
      <time from="2016-04-05T18:00:00" to="2016-04-06T00:00:00" period="3">
        <!-- Valid from 2016-04-05T18:00:00 to 2016-04-06T00:00:00 -->
        <symbol number="1" numberEx="1" name="Clear sky" var="mf/01n.07" />
        <precipitation value="0" />
        <!-- Valid at 2016-04-05T18:00:00 -->
        <windDirection deg="142.1" code="SE" name="Southeast" />
        <windSpeed mps="3.8" name="Gentle breeze" />
        <temperature unit="celsius" value="13" />
        <pressure unit="hPa" value="1021.1" />
      </time>
      <time from="2016-04-06T00:00:00" to="2016-04-06T06:00:00" period="0">
        <!-- Valid from 2016-04-06T00:00:00 to 2016-04-06T06:00:00 -->
        <symbol number="1" numberEx="1" name="Clear sky" var="mf/01n.04" />
        <precipitation value="0" />
        <!-- Valid at 2016-04-06T00:00:00 -->
        <windDirection deg="129.9" code="SE" name="Southeast" />
        <windSpeed mps="1.7" name="Light breeze" />
        <temperature unit="celsius" value="10" />
        <pressure unit="hPa" value="1022.8" />
      </time>
      <time from="2016-04-06T06:00:00" to="2016-04-06T12:00:00" period="1">
        <!-- Valid from 2016-04-06T06:00:00 to 2016-04-06T12:00:00 -->
        <symbol number="1" numberEx="1" name="Clear sky" var="01d" />
        <precipitation value="0" />
        <!-- Valid at 2016-04-06T06:00:00 -->
        <windDirection deg="36.6" code="NE" name="Northeast" />
        <windSpeed mps="2.3" name="Light breeze" />
        <temperature unit="celsius" value="9" />
        <pressure unit="hPa" value="1021.9" />
      </time>
      <time from="2016-04-06T12:00:00" to="2016-04-06T18:00:00" period="2">
        <!-- Valid from 2016-04-06T12:00:00 to 2016-04-06T18:00:00 -->
        <symbol number="3" numberEx="3" name="Partly cloudy" var="03d" />
        <precipitation value="0" />
        <!-- Valid at 2016-04-06T12:00:00 -->
        <windDirection deg="345.3" code="NNW" name="North-northwest" />
        <windSpeed mps="6.2" name="Moderate breeze" />
        <temperature unit="celsius" value="16" />
        <pressure unit="hPa" value="1021.7" />
      </time>
      <time from="2016-04-06T18:00:00" to="2016-04-07T00:00:00" period="3">
        <!-- Valid from 2016-04-06T18:00:00 to 2016-04-07T00:00:00 -->
        <symbol number="2" numberEx="2" name="Fair" var="mf/02n.04" />
        <precipitation value="0" />
        <!-- Valid at 2016-04-06T18:00:00 -->
        <windDirection deg="354.6" code="N" name="North" />
        <windSpeed mps="5.1" name="Gentle breeze" />
        <temperature unit="celsius" value="15" />
        <pressure unit="hPa" value="1020.0" />
      </time>
      <time from="2016-04-07T00:00:00" to="2016-04-07T06:00:00" period="0">
        <!-- Valid from 2016-04-07T00:00:00 to 2016-04-07T06:00:00 -->
        <symbol number="3" numberEx="3" name="Partly cloudy" var="mf/03n.00" />
        <precipitation value="0" />
        <!-- Valid at 2016-04-07T00:00:00 -->
        <windDirection deg="359.6" code="N" name="North" />
        <windSpeed mps="6.7" name="Moderate breeze" />
        <temperature unit="celsius" value="15" />
        <pressure unit="hPa" value="1019.6" />
      </time>
      <time from="2016-04-07T06:00:00" to="2016-04-07T12:00:00" period="1">
        <!-- Valid from 2016-04-07T06:00:00 to 2016-04-07T12:00:00 -->
        <symbol number="3" numberEx="3" name="Partly cloudy" var="03d" />
        <precipitation value="0" />
        <!-- Valid at 2016-04-07T06:00:00 -->
        <windDirection deg="337.6" code="NNW" name="North-northwest" />
        <windSpeed mps="8.7" name="Fresh breeze" />
        <temperature unit="celsius" value="16" />
        <pressure unit="hPa" value="1017.7" />
      </time>
      <time from="2016-04-07T12:00:00" to="2016-04-07T18:00:00" period="2">
        <!-- Valid from 2016-04-07T12:00:00 to 2016-04-07T18:00:00 -->
        <symbol number="3" numberEx="3" name="Partly cloudy" var="03d" />
        <precipitation value="0" />
        <!-- Valid at 2016-04-07T12:00:00 -->
        <windDirection deg="328.1" code="NNW" name="North-northwest" />
        <windSpeed mps="10.2" name="Fresh breeze" />
        <temperature unit="celsius" value="18" />
        <pressure unit="hPa" value="1017.8" />
      </time>
      <time from="2016-04-07T18:00:00" to="2016-04-08T00:00:00" period="3">
        <!-- Valid from 2016-04-07T18:00:00 to 2016-04-08T00:00:00 -->
        <symbol number="4" numberEx="4" name="Cloudy" var="04" />
        <precipitation value="0" />
        <!-- Valid at 2016-04-07T18:00:00 -->
        <windDirection deg="339.1" code="NNW" name="North-northwest" />
        <windSpeed mps="8.9" name="Fresh breeze" />
        <temperature unit="celsius" value="16" />
        <pressure unit="hPa" value="1015.4" />
      </time>
      <time from="2016-04-08T00:00:00" to="2016-04-08T06:00:00" period="0">
        <!-- Valid from 2016-04-08T00:00:00 to 2016-04-08T06:00:00 -->
        <symbol number="9" numberEx="46" name="Light rain" var="46" />
        <precipitation value="0.5" />
        <!-- Valid at 2016-04-08T00:00:00 -->
        <windDirection deg="332.9" code="NNW" name="North-northwest" />
        <windSpeed mps="7.9" name="Moderate breeze" />
        <temperature unit="celsius" value="17" />
        <pressure unit="hPa" value="1015.3" />
      </time>
      <time from="2016-04-08T06:00:00" to="2016-04-08T12:00:00" period="1">
        <!-- Valid from 2016-04-08T06:00:00 to 2016-04-08T12:00:00 -->
        <symbol number="9" numberEx="46" name="Light rain" var="46" />
        <precipitation value="0.8" />
        <!-- Valid at 2016-04-08T06:00:00 -->
        <windDirection deg="336.5" code="NNW" name="North-northwest" />
        <windSpeed mps="7.1" name="Moderate breeze" />
        <temperature unit="celsius" value="16" />
        <pressure unit="hPa" value="1013.0" />
      </time>
      <time from="2016-04-08T12:00:00" to="2016-04-08T18:00:00" period="2">
        <!-- Valid from 2016-04-08T12:00:00 to 2016-04-08T18:00:00 -->
        <symbol number="5" numberEx="40" name="Light rain showers" var="40d" />
        <precipitation value="0.6" />
        <!-- Valid at 2016-04-08T12:00:00 -->
        <windDirection deg="338.9" code="NNW" name="North-northwest" />
        <windSpeed mps="7.9" name="Moderate breeze" />
        <temperature unit="celsius" value="17" />
        <pressure unit="hPa" value="1011.7" />
      </time>
      <time from="2016-04-08T18:00:00" to="2016-04-09T00:00:00" period="3">
        <!-- Valid from 2016-04-08T18:00:00 to 2016-04-09T00:00:00 -->
        <symbol number="5" numberEx="40" name="Light rain showers" var="mf/40n.97" />
        <precipitation value="0.6" />
        <!-- Valid at 2016-04-08T18:00:00 -->
        <windDirection deg="310.4" code="NW" name="Northwest" />
        <windSpeed mps="2.9" name="Light breeze" />
        <temperature unit="celsius" value="15" />
        <pressure unit="hPa" value="1010.2" />
      </time>
      <time from="2016-04-09T00:00:00" to="2016-04-09T06:00:00" period="0">
        <!-- Valid from 2016-04-09T00:00:00 to 2016-04-09T06:00:00 -->
        <symbol number="2" numberEx="2" name="Fair" var="mf/02n.93" />
        <precipitation value="0" />
        <!-- Valid at 2016-04-09T00:00:00 -->
        <windDirection deg="21.8" code="NNE" name="North-northeast" />
        <windSpeed mps="2.2" name="Light breeze" />
        <temperature unit="celsius" value="13" />
        <pressure unit="hPa" value="1010.0" />
      </time>
      <time from="2016-04-09T06:00:00" to="2016-04-09T12:00:00" period="1">
        <!-- Valid from 2016-04-09T06:00:00 to 2016-04-09T12:00:00 -->
        <symbol number="3" numberEx="3" name="Partly cloudy" var="03d" />
        <precipitation value="0" />
        <!-- Valid at 2016-04-09T06:00:00 -->
        <windDirection deg="342.0" code="NNW" name="North-northwest" />
        <windSpeed mps="4.0" name="Gentle breeze" />
        <temperature unit="celsius" value="14" />
        <pressure unit="hPa" value="1008.1" />
      </time>
      <time from="2016-04-09T12:00:00" to="2016-04-09T18:00:00" period="2">
        <!-- Valid from 2016-04-09T12:00:00 to 2016-04-09T18:00:00 -->
        <symbol number="2" numberEx="2" name="Fair" var="02d" />
        <precipitation value="0" />
        <!-- Valid at 2016-04-09T12:00:00 -->
        <windDirection deg="328.6" code="NNW" name="North-northwest" />
        <windSpeed mps="7.1" name="Moderate breeze" />
        <temperature unit="celsius" value="17" />
        <pressure unit="hPa" value="1007.9" />
      </time>
      <time from="2016-04-09T18:00:00" to="2016-04-10T00:00:00" period="3">
        <!-- Valid from 2016-04-09T18:00:00 to 2016-04-10T00:00:00 -->
        <symbol number="3" numberEx="3" name="Partly cloudy" var="mf/03n.93" />
        <precipitation value="0" />
        <!-- Valid at 2016-04-09T18:00:00 -->
        <windDirection deg="337.0" code="NNW" name="North-northwest" />
        <windSpeed mps="5.6" name="Moderate breeze" />
        <temperature unit="celsius" value="16" />
        <pressure unit="hPa" value="1006.5" />
      </time>
      <time from="2016-04-10T00:00:00" to="2016-04-10T06:00:00" period="0">
        <!-- Valid from 2016-04-10T00:00:00 to 2016-04-10T06:00:00 -->
        <symbol number="9" numberEx="9" name="Rain" var="09" />
        <precipitation value="3.6" />
        <!-- Valid at 2016-04-10T00:00:00 -->
        <windDirection deg="276.6" code="W" name="West" />
        <windSpeed mps="0.9" name="Light air" />
        <temperature unit="celsius" value="13" />
        <pressure unit="hPa" value="1007.5" />
      </time>
      <time from="2016-04-10T06:00:00" to="2016-04-10T12:00:00" period="1">
        <!-- Valid from 2016-04-10T06:00:00 to 2016-04-10T12:00:00 -->
        <symbol number="9" numberEx="9" name="Rain" var="09" />
        <precipitation value="1.7" />
        <!-- Valid at 2016-04-10T06:00:00 -->
        <windDirection deg="157.4" code="SSE" name="South-southeast" />
        <windSpeed mps="3.8" name="Gentle breeze" />
        <temperature unit="celsius" value="13" />
        <pressure unit="hPa" value="1007.6" />
      </time>
      <time from="2016-04-10T12:00:00" to="2016-04-10T18:00:00" period="2">
        <!-- Valid from 2016-04-10T12:00:00 to 2016-04-10T18:00:00 -->
        <symbol number="5" numberEx="5" name="Rain showers" var="05d" />
        <precipitation value="1.8" />
        <!-- Valid at 2016-04-10T12:00:00 -->
        <windDirection deg="163.7" code="SSE" name="South-southeast" />
        <windSpeed mps="6.7" name="Moderate breeze" />
        <temperature unit="celsius" value="15" />
        <pressure unit="hPa" value="1010.5" />
      </time>
      <time from="2016-04-10T18:00:00" to="2016-04-11T00:00:00" period="3">
        <!-- Valid from 2016-04-10T18:00:00 to 2016-04-11T00:00:00 -->
        <symbol number="1" numberEx="1" name="Clear sky" var="mf/01n.90" />
        <precipitation value="0" />
        <!-- Valid at 2016-04-10T18:00:00 -->
        <windDirection deg="178.1" code="S" name="South" />
        <windSpeed mps="8.2" name="Fresh breeze" />
        <temperature unit="celsius" value="13" />
        <pressure unit="hPa" value="1012.4" />
      </time>
    </tabular>
  </forecast>
</weatherdata>