<?xml version="1.0" encoding="utf-8"?>
<weatherdata>
  <location>
    <name>Whangarei</name>
    <type>Regional capital</type>
    <country>New Zealand</country>
    <timezone id="Pacific/Auckland" utcoffsetMinutes="780" />
    <location altitude="7" latitude="-35.73167" longitude="174.32391" geobase="geonames" geobaseid="6230919" />
  </location>
  <credit>
    <!--In order to use the free weather data from yr no, you HAVE to display 
the following text clearly visible on your web page. The text should be a 
link to the specified URL.-->
    <!--Please read more about our conditions and guidelines at http://om.yr.no/verdata/  English explanation at http://om.yr.no/verdata/free-weather-data/-->
    <link text="Weather forecast from yr.no, delivered by the Norwegian Meteorological Institute and the NRK" url="http://www.yr.no/place/New_Zealand/Northland/Whangarei/" />
  </credit>
  <links>
    <link id="xmlSource" url="http://www.yr.no/place/New_Zealand/Northland/Whangarei/forecast.xml" />
    <link id="xmlSourceHourByHour" url="http://www.yr.no/place/New_Zealand/Northland/Whangarei/forecast_hour_by_hour.xml" />
    <link id="overview" url="http://www.yr.no/place/New_Zealand/Northland/Whangarei/" />
    <link id="hourByHour" url="http://www.yr.no/place/New_Zealand/Northland/Whangarei/hour_by_hour" />
    <link id="longTermForecast" url="http://www.yr.no/place/New_Zealand/Northland/Whangarei/long" />
  </links>
  <meta>
    <lastupdate>2016-04-01T08:43:52</lastupdate>
    <nextupdate>2016-04-01T21:00:00</nextupdate>
  </meta>
  <sun rise="2016-04-01T07:35:39" set="2016-04-01T19:16:57" />
  <forecast>
    <tabular>
      <time from="2016-04-01T16:00:00" to="2016-04-01T19:00:00" period="2">
        <!-- Valid from 2016-04-01T16:00:00 to 2016-04-01T19:00:00 -->
        <symbol number="5" numberEx="40" name="Light rain showers" var="40d" />
        <precipitation value="0.3" />
        <!-- Valid at 2016-04-01T16:00:00 -->
        <windDirection deg="29.3" code="NNE" name="North-northeast" />
        <windSpeed mps="5.9" name="Moderate breeze" />
        <temperature unit="celsius" value="20" />
        <pressure unit="hPa" value="1018.4" />
      </time>
      <time from="2016-04-01T19:00:00" to="2016-04-02T01:00:00" period="3">
        <!-- Valid from 2016-04-01T19:00:00 to 2016-04-02T01:00:00 -->
        <symbol number="9" numberEx="9" name="Rain" var="09" />
        <precipitation value="2.8" />
        <!-- Valid at 2016-04-01T19:00:00 -->
        <windDirection deg="24.1" code="NNE" name="North-northeast" />
        <windSpeed mps="5.9" name="Moderate breeze" />
        <temperature unit="celsius" value="20" />
        <pressure unit="hPa" value="1017.7" />
      </time>
      <time from="2016-04-02T01:00:00" to="2016-04-02T07:00:00" period="0">
        <!-- Valid from 2016-04-02T01:00:00 to 2016-04-02T07:00:00 -->
        <symbol number="5" numberEx="40" name="Light rain showers" var="mf/40n.17" />
        <precipitation value="0.8" />
        <!-- Valid at 2016-04-02T01:00:00 -->
        <windDirection deg="26.7" code="NNE" name="North-northeast" />
        <windSpeed mps="4.8" name="Gentle breeze" />
        <temperature unit="celsius" value="18" />
        <pressure unit="hPa" value="1018.2" />
      </time>
      <time from="2016-04-02T07:00:00" to="2016-04-02T13:00:00" period="1">
        <!-- Valid from 2016-04-02T07:00:00 to 2016-04-02T13:00:00 -->
        <symbol number="3" numberEx="3" name="Partly cloudy" var="03d" />
        <precipitation value="0" />
        <!-- Valid at 2016-04-02T07:00:00 -->
        <windDirection deg="337.3" code="NNW" name="North-northwest" />
        <windSpeed mps="4.0" name="Gentle breeze" />
        <temperature unit="celsius" value="19" />
        <pressure unit="hPa" value="1016.9" />
      </time>
      <time from="2016-04-02T13:00:00" to="2016-04-02T19:00:00" period="2">
        <!-- Valid from 2016-04-02T13:00:00 to 2016-04-02T19:00:00 -->
        <symbol number="5" numberEx="5" name="Rain showers" var="05d" />
        <precipitation value="1.0" />
        <!-- Valid at 2016-04-02T13:00:00 -->
        <windDirection deg="332.4" code="NNW" name="North-northwest" />
        <windSpeed mps="3.3" name="Light breeze" />
        <temperature unit="celsius" value="24" />
        <pressure unit="hPa" value="1017.5" />
      </time>
      <time from="2016-04-02T19:00:00" to="2016-04-03T01:00:00" period="3">
        <!-- Valid from 2016-04-02T19:00:00 to 2016-04-03T01:00:00 -->
        <symbol number="3" numberEx="3" name="Partly cloudy" var="mf/03n.17" />
        <precipitation value="0" />
        <!-- Valid at 2016-04-02T19:00:00 -->
        <windDirection deg="318.1" code="NW" name="Northwest" />
        <windSpeed mps="1.4" name="Light air" />
        <temperature unit="celsius" value="21" />
        <pressure unit="hPa" value="1016.6" />
      </time>
      <time from="2016-04-03T01:00:00" to="2016-04-03T07:00:00" period="0">
        <!-- Valid from 2016-04-03T01:00:00 to 2016-04-03T07:00:00 -->
        <symbol number="3" numberEx="3" name="Partly cloudy" var="mf/03n.14" />
        <precipitation value="0" />
        <!-- Valid at 2016-04-03T01:00:00 -->
        <windDirection deg="299.5" code="WNW" name="West-northwest" />
        <windSpeed mps="2.5" name="Light breeze" />
        <temperature unit="celsius" value="17" />
        <pressure unit="hPa" value="1017.4" />
      </time>
      <time from="2016-04-03T07:00:00" to="2016-04-03T13:00:00" period="1">
        <!-- Valid from 2016-04-03T07:00:00 to 2016-04-03T13:00:00 -->
        <symbol number="2" numberEx="2" name="Fair" var="02d" />
        <precipitation value="0" />
        <!-- Valid at 2016-04-03T07:00:00 -->
        <windDirection deg="293.6" code="WNW" name="West-northwest" />
        <windSpeed mps="2.5" name="Light breeze" />
        <temperature unit="celsius" value="18" />
        <pressure unit="hPa" value="1016.8" />
      </time>
      <time from="2016-04-03T13:00:00" to="2016-04-03T18:00:00" period="2">
        <!-- Valid from 2016-04-03T13:00:00 to 2016-04-03T18:00:00 -->
        <symbol number="3" numberEx="3" name="Partly cloudy" var="03d" />
        <precipitation value="0" />
        <!-- Valid at 2016-04-03T13:00:00 -->
        <windDirection deg="254.0" code="WSW" name="West-southwest" />
        <windSpeed mps="3.7" name="Gentle breeze" />
        <temperature unit="celsius" value="23" />
        <pressure unit="hPa" value="1017.5" />
      </time>
      <time from="2016-04-03T18:00:00" to="2016-04-04T00:00:00" period="3">
        <!-- Valid from 2016-04-03T18:00:00 to 2016-04-04T00:00:00 -->
        <symbol number="2" numberEx="2" name="Fair" var="mf/02n.14" />
        <precipitation value="0" />
        <!-- Valid at 2016-04-03T18:00:00 -->
        <windDirection deg="236.5" code="WSW" name="West-southwest" />
        <windSpeed mps="3.1" name="Light breeze" />
        <temperature unit="celsius" value="21" />
        <pressure unit="hPa" value="1016.4" />
      </time>
      <time from="2016-04-04T00:00:00" to="2016-04-04T06:00:00" period="0">
        <!-- Valid from 2016-04-04T00:00:00 to 2016-04-04T06:00:00 -->
        <symbol number="2" numberEx="2" name="Fair" var="mf/02n.10" />
        <precipitation value="0" />
        <!-- Valid at 2016-04-04T00:00:00 -->
        <windDirection deg="275.4" code="W" name="West" />
        <windSpeed mps="2.0" name="Light breeze" />
        <temperature unit="celsius" value="17" />
        <pressure unit="hPa" value="1017.3" />
      </time>
      <time from="2016-04-04T06:00:00" to="2016-04-04T12:00:00" period="1">
        <!-- Valid from 2016-04-04T06:00:00 to 2016-04-04T12:00:00 -->
        <symbol number="3" numberEx="3" name="Partly cloudy" var="03d" />
        <precipitation value="0" />
        <!-- Valid at 2016-04-04T06:00:00 -->
        <windDirection deg="273.8" code="W" name="West" />
        <windSpeed mps="2.0" name="Light breeze" />
        <temperature unit="celsius" value="16" />
        <pressure unit="hPa" value="1016.1" />
      </time>
      <time from="2016-04-04T12:00:00" to="2016-04-04T18:00:00" period="2">
        <!-- Valid from 2016-04-04T12:00:00 to 2016-04-04T18:00:00 -->
        <symbol number="5" numberEx="5" name="Rain showers" var="05d" />
        <precipitation value="3.1" />
        <!-- Valid at 2016-04-04T12:00:00 -->
        <windDirection deg="210.2" code="SSW" name="South-southwest" />
        <windSpeed mps="4.0" name="Gentle breeze" />
        <temperature unit="celsius" value="22" />
        <pressure unit="hPa" value="1015.6" />
      </time>
      <time from="2016-04-04T18:00:00" to="2016-04-05T00:00:00" period="3">
        <!-- Valid from 2016-04-04T18:00:00 to 2016-04-05T00:00:00 -->
        <symbol number="1" numberEx="1" name="Clear sky" var="mf/01n.10" />
        <precipitation value="0" />
        <!-- Valid at 2016-04-04T18:00:00 -->
        <windDirection deg="204.2" code="SSW" name="South-southwest" />
        <windSpeed mps="3.3" name="Light breeze" />
        <temperature unit="celsius" value="17" />
        <pressure unit="hPa" value="1015.6" />
      </time>
      <time from="2016-04-05T00:00:00" to="2016-04-05T06:00:00" period="0">
        <!-- Valid from 2016-04-05T00:00:00 to 2016-04-05T06:00:00 -->
        <symbol number="1" numberEx="1" name="Clear sky" var="mf/01n.07" />
        <precipitation value="0" />
        <!-- Valid at 2016-04-05T00:00:00 -->
        <windDirection deg="226.7" code="SW" name="Southwest" />
        <windSpeed mps="3.5" name="Gentle breeze" />
        <temperature unit="celsius" value="15" />
        <pressure unit="hPa" value="1016.6" />
      </time>
      <time from="2016-04-05T06:00:00" to="2016-04-05T12:00:00" period="1">
        <!-- Valid from 2016-04-05T06:00:00 to 2016-04-05T12:00:00 -->
        <symbol number="2" numberEx="2" name="Fair" var="02d" />
        <precipitation value="0" />
        <!-- Valid at 2016-04-05T06:00:00 -->
        <windDirection deg="221.5" code="SW" name="Southwest" />
        <windSpeed mps="2.7" name="Light breeze" />
        <temperature unit="celsius" value="14" />
        <pressure unit="hPa" value="1016.1" />
      </time>
      <time from="2016-04-05T12:00:00" to="2016-04-05T18:00:00" period="2">
        <!-- Valid from 2016-04-05T12:00:00 to 2016-04-05T18:00:00 -->
        <symbol number="3" numberEx="3" name="Partly cloudy" var="03d" />
        <precipitation value="0" />
        <!-- Valid at 2016-04-05T12:00:00 -->
        <windDirection deg="193.2" code="SSW" name="South-southwest" />
        <windSpeed mps="5.6" name="Moderate breeze" />
        <temperature unit="celsius" value="20" />
        <pressure unit="hPa" value="1016.9" />
      </time>
      <time from="2016-04-05T18:00:00" to="2016-04-06T00:00:00" period="3">
        <!-- Valid from 2016-04-05T18:00:00 to 2016-04-06T00:00:00 -->
        <symbol number="2" numberEx="2" name="Fair" var="mf/02n.07" />
        <precipitation value="0" />
        <!-- Valid at 2016-04-05T18:00:00 -->
        <windDirection deg="168.2" code="SSE" name="South-southeast" />
        <windSpeed mps="2.6" name="Light breeze" />
        <temperature unit="celsius" value="17" />
        <pressure unit="hPa" value="1016.8" />
      </time>
      <time from="2016-04-06T00:00:00" to="2016-04-06T06:00:00" period="0">
        <!-- Valid from 2016-04-06T00:00:00 to 2016-04-06T06:00:00 -->
        <symbol number="2" numberEx="2" name="Fair" var="mf/02n.04" />
        <precipitation value="0" />
        <!-- Valid at 2016-04-06T00:00:00 -->
        <windDirection deg="172.9" code="S" name="South" />
        <windSpeed mps="1.8" name="Light breeze" />
        <temperature unit="celsius" value="15" />
        <pressure unit="hPa" value="1018.9" />
      </time>
      <time from="2016-04-06T06:00:00" to="2016-04-06T12:00:00" period="1">
        <!-- Valid from 2016-04-06T06:00:00 to 2016-04-06T12:00:00 -->
        <symbol number="2" numberEx="2" name="Fair" var="02d" />
        <precipitation value="0" />
        <!-- Valid at 2016-04-06T06:00:00 -->
        <windDirection deg="120.0" code="ESE" name="East-southeast" />
        <windSpeed mps="2.5" name="Light breeze" />
        <temperature unit="celsius" value="15" />
        <pressure unit="hPa" value="1019.3" />
      </time>
      <time from="2016-04-06T12:00:00" to="2016-04-06T18:00:00" period="2">
        <!-- Valid from 2016-04-06T12:00:00 to 2016-04-06T18:00:00 -->
        <symbol number="1" numberEx="1" name="Clear sky" var="01d" />
        <precipitation value="0" />
        <!-- Valid at 2016-04-06T12:00:00 -->
        <windDirection deg="118.2" code="ESE" name="East-southeast" />
        <windSpeed mps="4.9" name="Gentle breeze" />
        <temperature unit="celsius" value="19" />
        <pressure unit="hPa" value="1020.7" />
      </time>
      <time from="2016-04-06T18:00:00" to="2016-04-07T00:00:00" period="3">
        <!-- Valid from 2016-04-06T18:00:00 to 2016-04-07T00:00:00 -->
        <symbol number="1" numberEx="1" name="Clear sky" var="mf/01n.04" />
        <precipitation value="0" />
        <!-- Valid at 2016-04-06T18:00:00 -->
        <windDirection deg="113.3" code="ESE" name="East-southeast" />
        <windSpeed mps="2.3" name="Light breeze" />
        <temperature unit="celsius" value="16" />
        <pressure unit="hPa" value="1020.4" />
      </time>
      <time from="2016-04-07T00:00:00" to="2016-04-07T06:00:00" period="0">
        <!-- Valid from 2016-04-07T00:00:00 to 2016-04-07T06:00:00 -->
        <symbol number="1" numberEx="1" name="Clear sky" var="mf/01n.00" />
        <precipitation value="0" />
        <!-- Valid at 2016-04-07T00:00:00 -->
        <windDirection deg="104.9" code="ESE" name="East-southeast" />
        <windSpeed mps="2.4" name="Light breeze" />
        <temperature unit="celsius" value="14" />
        <pressure unit="hPa" value="1021.5" />
      </time>
      <time from="2016-04-07T06:00:00" to="2016-04-07T12:00:00" period="1">
        <!-- Valid from 2016-04-07T06:00:00 to 2016-04-07T12:00:00 -->
        <symbol number="3" numberEx="3" name="Partly cloudy" var="03d" />
        <precipitation value="0" />
        <!-- Valid at 2016-04-07T06:00:00 -->
        <windDirection deg="144.3" code="SE" name="Southeast" />
        <windSpeed mps="2.2" name="Light breeze" />
        <temperature unit="celsius" value="13" />
        <pressure unit="hPa" value="1020.5" />
      </time>
      <time from="2016-04-07T12:00:00" to="2016-04-07T18:00:00" period="2">
        <!-- Valid from 2016-04-07T12:00:00 to 2016-04-07T18:00:00 -->
        <symbol number="2" numberEx="2" name="Fair" var="02d" />
        <precipitation value="0" />
        <!-- Valid at 2016-04-07T12:00:00 -->
        <windDirection deg="111.2" code="ESE" name="East-southeast" />
        <windSpeed mps="1.5" name="Light air" />
        <temperature unit="celsius" value="20" />
        <pressure unit="hPa" value="1020.9" />
      </time>
      <time from="2016-04-07T18:00:00" to="2016-04-08T00:00:00" period="3">
        <!-- Valid from 2016-04-07T18:00:00 to 2016-04-08T00:00:00 -->
        <symbol number="1" numberEx="1" name="Clear sky" var="mf/01n.00" />
        <precipitation value="0" />
        <!-- Valid at 2016-04-07T18:00:00 -->
        <windDirection deg="75.4" code="ENE" name="East-northeast" />
        <windSpeed mps="1.7" name="Light breeze" />
        <temperature unit="celsius" value="17" />
        <pressure unit="hPa" value="1018.7" />
      </time>
      <time from="2016-04-08T00:00:00" to="2016-04-08T06:00:00" period="0">
        <!-- Valid from 2016-04-08T00:00:00 to 2016-04-08T06:00:00 -->
        <symbol number="3" numberEx="3" name="Partly cloudy" var="mf/03n.97" />
        <precipitation value="0" />
        <!-- Valid at 2016-04-08T00:00:00 -->
        <windDirection deg="353.2" code="N" name="North" />
        <windSpeed mps="2.1" name="Light breeze" />
        <temperature unit="celsius" value="13" />
        <pressure unit="hPa" value="1019.0" />
      </time>
      <time from="2016-04-08T06:00:00" to="2016-04-08T12:00:00" period="1">
        <!-- Valid from 2016-04-08T06:00:00 to 2016-04-08T12:00:00 -->
        <symbol number="3" numberEx="3" name="Partly cloudy" var="03d" />
        <precipitation value="0" />
        <!-- Valid at 2016-04-08T06:00:00 -->
        <windDirection deg="299.9" code="WNW" name="West-northwest" />
        <windSpeed mps="1.3" name="Light air" />
        <temperature unit="celsius" value="11" />
        <pressure unit="hPa" value="1017.4" />
      </time>
      <time from="2016-04-08T12:00:00" to="2016-04-08T18:00:00" period="2">
        <!-- Valid from 2016-04-08T12:00:00 to 2016-04-08T18:00:00 -->
        <symbol number="3" numberEx="3" name="Partly cloudy" var="03d" />
        <precipitation value="0" />
        <!-- Valid at 2016-04-08T12:00:00 -->
        <windDirection deg="25.8" code="NNE" name="North-northeast" />
        <windSpeed mps="1.0" name="Light air" />
        <temperature unit="celsius" value="20" />
        <pressure unit="hPa" value="1016.8" />
      </time>
      <time from="2016-04-08T18:00:00" to="2016-04-09T00:00:00" period="3">
        <!-- Valid from 2016-04-08T18:00:00 to 2016-04-09T00:00:00 -->
        <symbol number="4" numberEx="4" name="Cloudy" var="04" />
        <precipitation value="0" />
        <!-- Valid at 2016-04-08T18:00:00 -->
        <windDirection deg="26.2" code="NNE" name="North-northeast" />
        <windSpeed mps="2.6" name="Light breeze" />
        <temperature unit="celsius" value="18" />
        <pressure unit="hPa" value="1014.2" />
      </time>
      <time from="2016-04-09T00:00:00" to="2016-04-09T06:00:00" period="0">
        <!-- Valid from 2016-04-09T00:00:00 to 2016-04-09T06:00:00 -->
        <symbol number="3" numberEx="3" name="Partly cloudy" var="mf/03n.93" />
        <precipitation value="0" />
        <!-- Valid at 2016-04-09T00:00:00 -->
        <windDirection deg="327.8" code="NNW" name="North-northwest" />
        <windSpeed mps="2.4" name="Light breeze" />
        <temperature unit="celsius" value="16" />
        <pressure unit="hPa" value="1014.4" />
      </time>
      <time from="2016-04-09T06:00:00" to="2016-04-09T12:00:00" period="1">
        <!-- Valid from 2016-04-09T06:00:00 to 2016-04-09T12:00:00 -->
        <symbol number="4" numberEx="4" name="Cloudy" var="04" />
        <precipitation value="0" />
        <!-- Valid at 2016-04-09T06:00:00 -->
        <windDirection deg="315.8" code="NW" name="Northwest" />
        <windSpeed mps="1.9" name="Light breeze" />
        <temperature unit="celsius" value="15" />
        <pressure unit="hPa" value="1012.0" />
      </time>
      <time from="2016-04-09T12:00:00" to="2016-04-09T18:00:00" period="2">
        <!-- Valid from 2016-04-09T12:00:00 to 2016-04-09T18:00:00 -->
        <symbol number="5" numberEx="5" name="Rain showers" var="05d" />
        <precipitation value="1.3" />
        <!-- Valid at 2016-04-09T12:00:00 -->
        <windDirection deg="331.6" code="NNW" name="North-northwest" />
        <windSpeed mps="3.8" name="Gentle breeze" />
        <temperature unit="celsius" value="21" />
        <pressure unit="hPa" value="1011.1" />
      </time>
      <time from="2016-04-09T18:00:00" to="2016-04-10T00:00:00" period="3">
        <!-- Valid from 2016-04-09T18:00:00 to 2016-04-10T00:00:00 -->
        <symbol number="2" numberEx="2" name="Fair" var="mf/02n.93" />
        <precipitation value="0" />
        <!-- Valid at 2016-04-09T18:00:00 -->
        <windDirection deg="288.5" code="WNW" name="West-northwest" />
        <windSpeed mps="2.8" name="Light breeze" />
        <temperature unit="celsius" value="18" />
        <pressure unit="hPa" value="1009.3" />
      </time>
      <time from="2016-04-10T00:00:00" to="2016-04-10T06:00:00" period="0">
        <!-- Valid from 2016-04-10T00:00:00 to 2016-04-10T06:00:00 -->
        <symbol number="2" numberEx="2" name="Fair" var="mf/02n.90" />
        <precipitation value="0" />
        <!-- Valid at 2016-04-10T00:00:00 -->
        <windDirection deg="269.3" code="W" name="West" />
        <windSpeed mps="3.3" name="Light breeze" />
        <temperature unit="celsius" value="15" />
        <pressure unit="hPa" value="1010.5" />
      </time>
      <time from="2016-04-10T06:00:00" to="2016-04-10T12:00:00" period="1">
        <!-- Valid from 2016-04-10T06:00:00 to 2016-04-10T12:00:00 -->
        <symbol number="2" numberEx="2" name="Fair" var="02d" />
        <precipitation value="0" />
        <!-- Valid at 2016-04-10T06:00:00 -->
        <windDirection deg="301.9" code="WNW" name="West-northwest" />
        <windSpeed mps="3.6" name="Gentle breeze" />
        <temperature unit="celsius" value="14" />
        <pressure unit="hPa" value="1009.8" />
      </time>
      <time from="2016-04-10T12:00:00" to="2016-04-10T18:00:00" period="2">
        <!-- Valid from 2016-04-10T12:00:00 to 2016-04-10T18:00:00 -->
        <symbol number="2" numberEx="2" name="Fair" var="02d" />
        <precipitation value="0" />
        <!-- Valid at 2016-04-10T12:00:00 -->
        <windDirection deg="251.4" code="WSW" name="West-southwest" />
        <windSpeed mps="8.1" name="Fresh breeze" />
        <temperature unit="celsius" value="20" />
        <pressure unit="hPa" value="1010.3" />
      </time>
      <time from="2016-04-10T18:00:00" to="2016-04-11T00:00:00" period="3">
        <!-- Valid from 2016-04-10T18:00:00 to 2016-04-11T00:00:00 -->
        <symbol number="1" numberEx="1" name="Clear sky" var="mf/01n.90" />
        <precipitation value="0" />
        <!-- Valid at 2016-04-10T18:00:00 -->
        <windDirection deg="226.4" code="SW" name="Southwest" />
        <windSpeed mps="6.1" name="Moderate breeze" />
        <temperature unit="celsius" value="17" />
        <pressure unit="hPa" value="1010.8" />
      </time>
    </tabular>
  </forecast>
</weatherdata>